user_id,market_id,market_title,outcome,side,avg_odds,contracts,dollar_amount,win_status,first_trade,last_trade,num_trades
0x73de518a8e9919bcf8295c7a9d1ccc36b3a5e21c,0x89ac32e18929185f5bd0dc00e70337571f546e64ae5cd16dceb6026ac2679c1e,Taylor Swift and Travis Kelce engaged in 2025?,No,BUY,0.57,20.0,11.4,LOSS,2025-01-01T13:03:25+00:00,2025-01-01T13:03:25+00:00,1
0x4bfb41d5b3570defd03c39a9a4d8de6bd8b8982e,0x89ac32e18929185f5bd0dc00e70337571f546e64ae5cd16dceb6026ac2679c1e,Taylor Swift and Travis Kelce engaged in 2025?,Yes,BUY,0.427,68310.66,29169.7036,WIN,2025-01-01T15:30:54+00:00,2025-08-26T19:35:51+00:00,143
0x860df814be22136b98c08084590c0bd946623c72,0x89ac32e18929185f5bd0dc00e70337571f546e64ae5cd16dceb6026ac2679c1e,Taylor Swift and Travis Kelce engaged in 2025?,Yes,BUY,0.36,13.8889,5.0,WIN,2025-01-01T19:03:01+00:00,2025-01-01T19:03:01+00:00,1
0x89266bcb35fb9162313241ff9b996f7430485aac,0x89ac32e18929185f5bd0dc00e70337571f546e64ae5cd16dceb6026ac2679c1e,Taylor Swift and Travis Kelce engaged in 2025?,Yes,BUY,0.38,2.6316,1.0,WIN,2025-01-01T20:49:29+00:00,2025-01-01T20:49:29+00:00,1
0xf0611defcf31487fb5170cb6cdd65b37e4242572,0x89ac32e18929185f5bd0dc00e70337571f546e64ae5cd16dceb6026ac2679c1e,Taylor Swift and Travis Kelce engaged in 2025?,Yes,BUY,0.38,13.1579,5.0,WIN,2025-01-02T18:11:08+00:00,2025-01-02T18:11:08+00:00,1
0x5de5f07bad2158945c16cd8e5906cfa624301d2d,0x89ac32e18929185f5bd0dc00e70337571f546e64ae5cd16dceb6026ac2679c1e,Taylor Swift and Travis Kelce engaged in 2025?,Yes,BUY,0.3856,10.3741,4.0,WIN,2025-01-02T23:45:28+00:00,2025-01-02T23:45:28+00:00,2
0x73de518a8e9919bcf8295c7a9d1ccc36b3a5e21c,0x89ac32e18929185f5bd0dc00e70337571f546e64ae5cd16dceb6026ac2679c1e,Taylor Swift and Travis Kelce engaged in 2025?,Yes,BUY,0.39,6.05,2.3595,WIN,2025-01-04T15:32:11+00:00,2025-01-04T15:32:11+00:00,1
0x4bfb41d5b3570defd03c39a9a4d8de6bd8b8982e,0x89ac32e18929185f5bd0dc00e70337571f546e64ae5cd16dceb6026ac2679c1e,Taylor Swift and Travis Kelce engaged in 2025?,No,BUY,0.6188,92641.56,57324.6281,LOSS,2025-01-04T15:32:11+00:00,2025-08-26T17:04:05+00:00,154
0xd2fc5b02408edd6154f28b19bd439459e18eef9b,0x89ac32e18929185f5bd0dc00e70337571f546e64ae5cd16dceb6026ac2679c1e,Taylor Swift and Travis Kelce engaged in 2025?,Yes,BUY,0.42,8.16,3.4272,WIN,2025-01-04T22:13:14+00:00,2025-01-04T22:13:14+00:00,1
0xdb0329be55328ef107774cdd09854576e2e34bdf,0x89ac32e18929185f5bd0dc00e70337571f546e64ae5cd16dceb6026ac2679c1e,Taylor Swift and Travis Kelce engaged in 2025?,No,BUY,0.54,3.7037,2.0,LOSS,2025-01-06T16:45:13+00:00,2025-01-06T16:45:13+00:00,1
0x4ee2e481b0ea1bfc746d894edfec87494d690b0f,0x89ac32e18929185f5bd0dc00e70337571f546e64ae5cd16dceb6026ac2679c1e,Taylor Swift and Travis Kelce engaged in 2025?,No,BUY,0.54,3.7037,2.0,LOSS,2025-01-06T17:39:56+00:00,2025-01-06T17:39:56+00:00,1
0x7c6fddb0810344f86c1baaf1258d1d35165b8c74,0x89ac32e18929185f5bd0dc00e70337571f546e64ae5cd16dceb6026ac2679c1e,Taylor Swift and Travis Kelce engaged in 2025?,No,BUY,0.56,3.1964,1.79,LOSS,2025-01-07T02:36:35+00:00,2025-01-07T02:36:35+00:00,1
0xf0b0ef1d6320c6be896b4c9c54dd74407e7f8cab,0x89ac32e18929185f5bd0dc00e70337571f546e64ae5cd16dceb6026ac2679c1e,Taylor Swift and Travis Kelce engaged in 2025?,No,BUY,0.5,37.03,18.515,LOSS,2025-01-07T11:28:24+00:00,2025-01-07T11:28:24+00:00,1
0x1b330554e49c33aacfe2221cb0243dfae248dc9c,0x89ac32e18929185f5bd0dc00e70337571f546e64ae5cd16dceb6026ac2679c1e,Taylor Swift and Travis Kelce engaged in 2025?,Yes,BUY,0.54,20.0,10.8,WIN,2025-01-07T15:41:29+00:00,2025-01-07T15:41:29+00:00,1
0xa2ef4082377b3a2ba4c4789d904cf851cdba4535,0x89ac32e18929185f5bd0dc00e70337571f546e64ae5cd16dceb6026ac2679c1e,Taylor Swift and Travis Kelce engaged in 2025?,No,BUY,0.54,3.7037,2.0,LOSS,2025-01-08T00:09:57+00:00,2025-01-08T00:09:57+00:00,1
0x1102330de18bd0ced2ae7c17b29df2a1e627af36,0x89ac32e18929185f5bd0dc00e70337571f546e64ae5cd16dceb6026ac2679c1e,Taylor Swift and Travis Kelce engaged in 2025?,No,BUY,0.5054,40.0,20.2168,LOSS,2025-01-08T15:55:47+00:00,2025-01-08T15:55:47+00:00,2
0x3980fe7c65a5e6486c20f6c6ac432eb29f2c5cee,0x89ac32e18929185f5bd0dc00e70337571f546e64ae5cd16dceb6026ac2679c1e,Taylor Swift and Travis Kelce engaged in 2025?,No,BUY,0.51,9.8039,5.0,LOSS,2025-01-10T09:38:30+00:00,2025-01-10T09:38:30+00:00,1
0xbf724ffeb1b9c2a6932bf2ee968bc1f5526b7c42,0x89ac32e18929185f5bd0dc00e70337571f546e64ae5cd16dceb6026ac2679c1e,Taylor Swift and Travis Kelce engaged in 2025?,No,BUY,0.51,1.9608,1.0,LOSS,2025-01-10T22:08:42+00:00,2025-01-10T22:08:42+00:00,1
0x3d2e6a3c755a79da895ebec3211cf0fc90f3a719,0x89ac32e18929185f5bd0dc00e70337571f546e64ae5cd16dceb6026ac2679c1e,Taylor Swift and Travis Kelce engaged in 2025?,No,BUY,0.51,1.9608,1.0,LOSS,2025-01-10T22:35:04+00:00,2025-01-10T22:35:04+00:00,1
0xcb0005c54b4a737294b3a2a7e3b1ce220f29a808,0x89ac32e18929185f5bd0dc00e70337571f546e64ae5cd16dceb6026ac2679c1e,Taylor Swift and Travis Kelce engaged in 2025?,No,BUY,0.51,50.0,25.5,LOSS,2025-01-13T00:15:21+00:00,2025-01-13T00:15:21+00:00,2
0x5db0b369822f62f314b4087f5d8b9a6b137c1b32,0x89ac32e18929185f5bd0dc00e70337571f546e64ae5cd16dceb6026ac2679c1e,Taylor Swift and Travis Kelce engaged in 2025?,No,BUY,0.56,100.0,56.0,LOSS,2025-01-13T00:23:01+00:00,2025-01-13T00:23:01+00:00,2
0xc2a64300972778b2f8dcf7cd8f3717dc43affb1b,0x89ac32e18929185f5bd0dc00e70337571f546e64ae5cd16dceb6026ac2679c1e,Taylor Swift and Travis Kelce engaged in 2025?,No,BUY,0.56,50.0,28.0,LOSS,2025-01-13T02:39:27+00:00,2025-01-13T02:39:27+00:00,1
0xd56522a7ce02e3729371ab6333c4942c72262843,0x89ac32e18929185f5bd0dc00e70337571f546e64ae5cd16dceb6026ac2679c1e,Taylor Swift and Travis Kelce engaged in 2025?,No,BUY,0.64,10.9375,7.0,LOSS,2025-01-13T19:17:20+00:00,2025-01-13T19:17:20+00:00,1
0xbfe1fd48a693011b59589734fa6778bc1790391a,0x89ac32e18929185f5bd0dc00e70337571f546e64ae5cd16dceb6026ac2679c1e,Taylor Swift and Travis Kelce engaged in 2025?,No,BUY,0.6169,22.0303,13.59,LOSS,2025-01-16T13:31:08+00:00,2025-06-08T09:37:43+00:00,2
0x683746bf62f31853308f2b0ff06cee75e40e15e1,0x89ac32e18929185f5bd0dc00e70337571f546e64ae5cd16dceb6026ac2679c1e,Taylor Swift and Travis Kelce engaged in 2025?,Yes,BUY,0.3527,241.7,85.2425,WIN,2025-01-17T08:05:36+00:00,2025-06-30T04:57:06+00:00,2
0x1d918269e3c389f7be17f0f9aec2b42722bfd8fc,0x89ac32e18929185f5bd0dc00e70337571f546e64ae5cd16dceb6026ac2679c1e,Taylor Swift and Travis Kelce engaged in 2025?,No,BUY,0.53,9.434,5.0,LOSS,2025-01-17T20:17:28+00:00,2025-01-17T20:17:28+00:00,1
0x2ab5a0dc225c0531abddf738eb5463a385c558af,0x89ac32e18929185f5bd0dc00e70337571f546e64ae5cd16dceb6026ac2679c1e,Taylor Swift and Travis Kelce engaged in 2025?,No,BUY,0.53,31.9811,16.95,LOSS,2025-01-18T09:02:53+00:00,2025-01-18T09:02:53+00:00,1
0xbecbc1d071640c3f06fd337fa0f42d8e2a90ac27,0x89ac32e18929185f5bd0dc00e70337571f546e64ae5cd16dceb6026ac2679c1e,Taylor Swift and Travis Kelce engaged in 2025?,No,BUY,0.52,1.9231,1.0,LOSS,2025-01-19T01:45:01+00:00,2025-01-19T01:45:01+00:00,1
0xebc18718e333c336e8ae126e1f979cf9f1d7a3ba,0x89ac32e18929185f5bd0dc00e70337571f546e64ae5cd16dceb6026ac2679c1e,Taylor Swift and Travis Kelce engaged in 2025?,No,BUY,0.526,95.05,50.0,LOSS,2025-01-19T02:17:25+00:00,2025-01-19T02:17:25+00:00,2
0x531808d9acfcd0b2f588ffc5345fda51a74111fd,0x89ac32e18929185f5bd0dc00e70337571f546e64ae5cd16dceb6026ac2679c1e,Taylor Swift and Travis Kelce engaged in 2025?,No,BUY,0.51,1.9608,1.0,LOSS,2025-01-20T12:33:04+00:00,2025-01-20T12:33:04+00:00,1
0x8cbd6315aca6161fdf71a9a78e173d43d5337a14,0x89ac32e18929185f5bd0dc00e70337571f546e64ae5cd16dceb6026ac2679c1e,Taylor Swift and Travis Kelce engaged in 2025?,No,BUY,0.646,18.6856,12.07,LOSS,2025-01-20T20:15:30+00:00,2025-06-27T05:24:28+00:00,2
0x11f5c86c381f14f0a3d963d4fd65677db86accba,0x89ac32e18929185f5bd0dc00e70337571f546e64ae5cd16dceb6026ac2679c1e,Taylor Swift and Travis Kelce engaged in 2025?,No,BUY,0.53,37.7358,20.0,LOSS,2025-01-20T21:54:08+00:00,2025-01-20T21:54:08+00:00,1
0xab394bd917d60072bd3532a61a3df669111640a7,0x89ac32e18929185f5bd0dc00e70337571f546e64ae5cd16dceb6026ac2679c1e,Taylor Swift and Travis Kelce engaged in 2025?,No,BUY,0.53,1.81,0.9593,LOSS,2025-01-20T23:46:36+00:00,2025-01-20T23:46:36+00:00,1
0xc288dbd651dbcf41e7aac3b523b7e6edc5023480,0x89ac32e18929185f5bd0dc00e70337571f546e64ae5cd16dceb6026ac2679c1e,Taylor Swift and Travis Kelce engaged in 2025?,No,BUY,0.53,15.0,7.95,LOSS,2025-01-21T11:15:20+00:00,2025-01-21T11:15:20+00:00,2
0x0d126288d3c426e51b641aa2081496378b8ccaf8,0x89ac32e18929185f5bd0dc00e70337571f546e64ae5cd16dceb6026ac2679c1e,Taylor Swift and Travis Kelce engaged in 2025?,No,BUY,0.53,37.7358,20.0,LOSS,2025-01-22T04:32:55+00:00,2025-01-22T04:32:55+00:00,1
0x43a890366af85f81a908641e513b8368879786c6,0x89ac32e18929185f5bd0dc00e70337571f546e64ae5cd16dceb6026ac2679c1e,Taylor Swift and Travis Kelce engaged in 2025?,No,BUY,0.5,5.12,2.56,LOSS,2025-01-23T02:26:22+00:00,2025-01-23T02:26:22+00:00,1
0xa196f64600949f9ca6a24b5235af30ba28bf73f8,0x89ac32e18929185f5bd0dc00e70337571f546e64ae5cd16dceb6026ac2679c1e,Taylor Swift and Travis Kelce engaged in 2025?,No,BUY,0.4942,4.73,2.3377,LOSS,2025-01-23T11:09:47+00:00,2025-01-26T13:36:25+00:00,2
0xfd409bdb3adfe6962275865a430fa8a64a174ea1,0x89ac32e18929185f5bd0dc00e70337571f546e64ae5cd16dceb6026ac2679c1e,Taylor Swift and Travis Kelce engaged in 2025?,No,BUY,0.5,5.9,2.95,LOSS,2025-01-23T11:12:45+00:00,2025-01-23T12:15:11+00:00,2
0x1435c5a81a388a1416d2f447d7bde08dcbd367f5,0x89ac32e18929185f5bd0dc00e70337571f546e64ae5cd16dceb6026ac2679c1e,Taylor Swift and Travis Kelce engaged in 2025?,No,BUY,0.5,3.1,1.55,LOSS,2025-01-23T11:43:15+00:00,2025-01-23T11:43:15+00:00,1
0x2decae5dbbb67f7b38e81090e6bee97ad5305bfb,0x89ac32e18929185f5bd0dc00e70337571f546e64ae5cd16dceb6026ac2679c1e,Taylor Swift and Travis Kelce engaged in 2025?,No,BUY,0.5,3.66,1.83,LOSS,2025-01-23T11:45:55+00:00,2025-01-23T11:45:55+00:00,1
0xac47d5d6a69a51518c1211c119f939b29cbe3e46,0x89ac32e18929185f5bd0dc00e70337571f546e64ae5cd16dceb6026ac2679c1e,Taylor Swift and Travis Kelce engaged in 2025?,No,BUY,0.5,5.47,2.735,LOSS,2025-01-23T11:48:53+00:00,2025-01-26T12:31:29+00:00,2
0x0a94357d5ba2bb36d003ebfe0036d21205454c6b,0x89ac32e18929185f5bd0dc00e70337571f546e64ae5cd16dceb6026ac2679c1e,Taylor Swift and Travis Kelce engaged in 2025?,No,BUY,0.4961,5.6645,2.81,LOSS,2025-01-23T12:13:51+00:00,2025-01-24T23:17:54+00:00,2
0xdc6daf7e812660d2a34c334556490c4b174982e3,0x89ac32e18929185f5bd0dc00e70337571f546e64ae5cd16dceb6026ac2679c1e,Taylor Swift and Travis Kelce engaged in 2025?,No,BUY,0.4956,4.782,2.37,LOSS,2025-01-23T22:48:03+00:00,2025-01-24T23:20:36+00:00,2
0x994535c18640d57804c5ae125f830f791ca4047e,0x89ac32e18929185f5bd0dc00e70337571f546e64ae5cd16dceb6026ac2679c1e,Taylor Swift and Travis Kelce engaged in 2025?,No,BUY,0.5,3.34,1.67,LOSS,2025-01-23T22:49:45+00:00,2025-01-23T22:49:45+00:00,1
0x531eaefa84636bcfc85de0db736fbadb626d2e0d,0x89ac32e18929185f5bd0dc00e70337571f546e64ae5cd16dceb6026ac2679c1e,Taylor Swift and Travis Kelce engaged in 2025?,No,BUY,0.5,2.4,1.2,LOSS,2025-01-23T22:52:51+00:00,2025-01-23T22:52:51+00:00,1
0x193edff83ab2cd0708e21efa523627758fe7f9eb,0x89ac32e18929185f5bd0dc00e70337571f546e64ae5cd16dceb6026ac2679c1e,Taylor Swift and Travis Kelce engaged in 2025?,No,BUY,0.49,2.4694,1.21,LOSS,2025-01-25T00:19:32+00:00,2025-01-25T00:19:32+00:00,1
0x96f7b016ee74a875469942ae3fb1fd17e1afdc16,0x89ac32e18929185f5bd0dc00e70337571f546e64ae5cd16dceb6026ac2679c1e,Taylor Swift and Travis Kelce engaged in 2025?,No,BUY,0.49,5.6349,2.7611,LOSS,2025-01-25T00:20:56+00:00,2025-01-26T15:20:30+00:00,2
0x307c66e90f6643d8828df828b3089e849da45092,0x89ac32e18929185f5bd0dc00e70337571f546e64ae5cd16dceb6026ac2679c1e,Taylor Swift and Travis Kelce engaged in 2025?,No,BUY,0.51,2.3137,1.18,LOSS,2025-01-25T00:24:42+00:00,2025-01-25T00:24:42+00:00,1
0xf68e11e3d15625ef1df29e1b60d637e18b7ad413,0x89ac32e18929185f5bd0dc00e70337571f546e64ae5cd16dceb6026ac2679c1e,Taylor Swift and Travis Kelce engaged in 2025?,No,BUY,0.51,3.2157,1.64,LOSS,2025-01-25T00:29:54+00:00,2025-01-25T00:29:54+00:00,1
0x726883a66723030b8a1c8d394040e1fccf0a2db3,0x89ac32e18929185f5bd0dc00e70337571f546e64ae5cd16dceb6026ac2679c1e,Taylor Swift and Travis Kelce engaged in 2025?,No,BUY,0.51,2.8824,1.47,LOSS,2025-01-25T00:31:14+00:00,2025-01-25T00:31:14+00:00,1
0xa33abc8bf1b338bf8c36b2aa3400ec771f05624c,0x89ac32e18929185f5bd0dc00e70337571f546e64ae5cd16dceb6026ac2679c1e,Taylor Swift and Travis Kelce engaged in 2025?,No,BUY,0.49,2.81,1.3769,LOSS,2025-01-25T10:33:21+00:00,2025-01-25T10:33:21+00:00,1
0xfc0249a4616acdbbe6d2c6c152f96f913716d319,0x89ac32e18929185f5bd0dc00e70337571f546e64ae5cd16dceb6026ac2679c1e,Taylor Swift and Travis Kelce engaged in 2025?,No,BUY,0.49,1.96,0.9604,LOSS,2025-01-26T07:56:56+00:00,2025-01-26T07:56:56+00:00,1
0xa12227df8a96e769efbb06aeb6948f042219863a,0x89ac32e18929185f5bd0dc00e70337571f546e64ae5cd16dceb6026ac2679c1e,Taylor Swift and Travis Kelce engaged in 2025?,No,BUY,0.49,2.28,1.1172,LOSS,2025-01-26T12:21:05+00:00,2025-01-26T12:21:05+00:00,1
0xcf3cdb43dce60832f74f5ce2ed54dc92c412abda,0x89ac32e18929185f5bd0dc00e70337571f546e64ae5cd16dceb6026ac2679c1e,Taylor Swift and Travis Kelce engaged in 2025?,No,BUY,0.49,3.82,1.8718,LOSS,2025-01-26T13:02:19+00:00,2025-01-26T13:02:19+00:00,1
0x4bf15091b4a161a47146f8fa5a275f822cc1f7af,0x89ac32e18929185f5bd0dc00e70337571f546e64ae5cd16dceb6026ac2679c1e,Taylor Swift and Travis Kelce engaged in 2025?,No,BUY,0.49,3.0,1.47,LOSS,2025-01-26T13:23:33+00:00,2025-01-26T13:23:33+00:00,1
0x845779eeba76b34dfabfb2ff8da5edd56be94410,0x89ac32e18929185f5bd0dc00e70337571f546e64ae5cd16dceb6026ac2679c1e,Taylor Swift and Travis Kelce engaged in 2025?,No,BUY,0.49,3.7,1.813,LOSS,2025-01-26T14:46:24+00:00,2025-01-26T14:46:24+00:00,1
0xaa78764f086a8b515ee9c01913038b3999b6f017,0x89ac32e18929185f5bd0dc00e70337571f546e64ae5cd16dceb6026ac2679c1e,Taylor Swift and Travis Kelce engaged in 2025?,No,BUY,0.49,2.39,1.1711,LOSS,2025-01-26T15:13:38+00:00,2025-01-26T15:13:38+00:00,1
0x546f442a1102a56d6744f93c82350248976b4dbf,0x89ac32e18929185f5bd0dc00e70337571f546e64ae5cd16dceb6026ac2679c1e,Taylor Swift and Travis Kelce engaged in 2025?,No,BUY,0.49,2.6,1.274,LOSS,2025-01-26T15:37:53+00:00,2025-01-26T15:37:53+00:00,1
0xc23286ffd1b7809664176aa245c618b9a3b34ccb,0x89ac32e18929185f5bd0dc00e70337571f546e64ae5cd16dceb6026ac2679c1e,Taylor Swift and Travis Kelce engaged in 2025?,No,BUY,0.49,2.5,1.225,LOSS,2025-01-26T16:09:03+00:00,2025-01-26T16:09:03+00:00,1
0x3f031408fecc3603d1f07a33f2b9a43480f0a2d0,0x89ac32e18929185f5bd0dc00e70337571f546e64ae5cd16dceb6026ac2679c1e,Taylor Swift and Travis Kelce engaged in 2025?,No,BUY,0.49,3.41,1.6709,LOSS,2025-01-26T16:24:34+00:00,2025-01-26T16:24:34+00:00,1
0x6573b3d04e7fc52e1299bf9a5317c704b224a137,0x89ac32e18929185f5bd0dc00e70337571f546e64ae5cd16dceb6026ac2679c1e,Taylor Swift and Travis Kelce engaged in 2025?,No,BUY,0.49,3.47,1.7003,LOSS,2025-01-26T16:39:55+00:00,2025-01-26T16:39:55+00:00,1
0xdbece95b413118c90d169ce2d4e357e832e035df,0x89ac32e18929185f5bd0dc00e70337571f546e64ae5cd16dceb6026ac2679c1e,Taylor Swift and Travis Kelce engaged in 2025?,No,BUY,0.49,2.86,1.4014,LOSS,2025-01-26T16:52:13+00:00,2025-01-26T16:52:13+00:00,1
0xc00610b41fd9c9a606e558f9e560a518e0894a78,0x89ac32e18929185f5bd0dc00e70337571f546e64ae5cd16dceb6026ac2679c1e,Taylor Swift and Travis Kelce engaged in 2025?,No,BUY,0.42,5.0,2.1,LOSS,2025-01-27T19:35:13+00:00,2025-01-27T19:35:13+00:00,1
0xa305ff06433c1c49be7286eedac0acf92904e899,0x89ac32e18929185f5bd0dc00e70337571f546e64ae5cd16dceb6026ac2679c1e,Taylor Swift and Travis Kelce engaged in 2025?,No,BUY,0.45,2.0,0.9,LOSS,2025-01-28T14:13:42+00:00,2025-01-28T14:13:42+00:00,1
0x0fe90c22827e72c7aef24bdc52b6392943fd4fd9,0x89ac32e18929185f5bd0dc00e70337571f546e64ae5cd16dceb6026ac2679c1e,Taylor Swift and Travis Kelce engaged in 2025?,Yes,BUY,0.5846,390.9559,228.5656,WIN,2025-01-28T19:23:31+00:00,2025-02-05T21:23:24+00:00,7
0xe610fc9fe1bc3d4e8b042ea7c229c4149272a94f,0x89ac32e18929185f5bd0dc00e70337571f546e64ae5cd16dceb6026ac2679c1e,Taylor Swift and Travis Kelce engaged in 2025?,Yes,BUY,0.63,1.5873,1.0,WIN,2025-01-29T21:12:12+00:00,2025-01-29T21:12:12+00:00,1
0xea7c0162331462bd825726d2e5fa0cc1ca9709b1,0x89ac32e18929185f5bd0dc00e70337571f546e64ae5cd16dceb6026ac2679c1e,Taylor Swift and Travis Kelce engaged in 2025?,No,BUY,0.39,39.21,15.2919,LOSS,2025-01-30T16:21:34+00:00,2025-01-30T16:21:34+00:00,1
0x997de37ae530d5f997596795f79c745b66659f0e,0x89ac32e18929185f5bd0dc00e70337571f546e64ae5cd16dceb6026ac2679c1e,Taylor Swift and Travis Kelce engaged in 2025?,No,BUY,0.36,56.97,20.5092,LOSS,2025-01-31T10:43:49+00:00,2025-01-31T10:43:49+00:00,1
0x3a3d8975ffaf552995a3048e9b0fde50833f615e,0x89ac32e18929185f5bd0dc00e70337571f546e64ae5cd16dceb6026ac2679c1e,Taylor Swift and Travis Kelce engaged in 2025?,No,BUY,0.39,30.1538,11.76,LOSS,2025-01-31T21:27:00+00:00,2025-01-31T21:27:00+00:00,1
0xa07a26c3a1652f5082ed420cc1f6d4966be439c6,0x89ac32e18929185f5bd0dc00e70337571f546e64ae5cd16dceb6026ac2679c1e,Taylor Swift and Travis Kelce engaged in 2025?,No,BUY,0.5955,854.7623,509.0046,LOSS,2025-02-01T00:05:19+00:00,2025-07-26T11:21:01+00:00,7
0x4d74af8b920a2b5ffa328680fa7c8ebf8ca806d9,0x89ac32e18929185f5bd0dc00e70337571f546e64ae5cd16dceb6026ac2679c1e,Taylor Swift and Travis Kelce engaged in 2025?,Yes,BUY,0.63,7.14,4.4982,WIN,2025-02-02T10:42:36+00:00,2025-02-02T10:42:36+00:00,1
0x58b116b73c73bbe7df8aa7cdc209ec6d181e30e6,0x89ac32e18929185f5bd0dc00e70337571f546e64ae5cd16dceb6026ac2679c1e,Taylor Swift and Travis Kelce engaged in 2025?,No,BUY,0.45,19.23,8.6535,LOSS,2025-02-06T21:39:35+00:00,2025-02-06T21:39:35+00:00,1
0x0fe90c22827e72c7aef24bdc52b6392943fd4fd9,0x89ac32e18929185f5bd0dc00e70337571f546e64ae5cd16dceb6026ac2679c1e,Taylor Swift and Travis Kelce engaged in 2025?,No,BUY,0.43,49.55,21.3065,LOSS,2025-02-09T17:02:58+00:00,2025-02-09T17:02:58+00:00,1
0xc00610b41fd9c9a606e558f9e560a518e0894a78,0x89ac32e18929185f5bd0dc00e70337571f546e64ae5cd16dceb6026ac2679c1e,Taylor Swift and Travis Kelce engaged in 2025?,Yes,BUY,0.57,17.5439,10.0,WIN,2025-02-09T19:09:58+00:00,2025-02-09T19:09:58+00:00,1
0x546f442a1102a56d6744f93c82350248976b4dbf,0x89ac32e18929185f5bd0dc00e70337571f546e64ae5cd16dceb6026ac2679c1e,Taylor Swift and Travis Kelce engaged in 2025?,Yes,BUY,0.57,22.8772,13.04,WIN,2025-02-09T21:00:49+00:00,2025-02-09T21:00:49+00:00,1
0x44919a1688bfcffb9817fc90af1f54bf4b3f8926,0x89ac32e18929185f5bd0dc00e70337571f546e64ae5cd16dceb6026ac2679c1e,Taylor Swift and Travis Kelce engaged in 2025?,Yes,BUY,0.57,9.57,5.4549,WIN,2025-02-09T21:03:23+00:00,2025-02-09T21:03:23+00:00,1
0xcceb22d524e186153cffe79f13c0aeb75889f030,0x89ac32e18929185f5bd0dc00e70337571f546e64ae5cd16dceb6026ac2679c1e,Taylor Swift and Travis Kelce engaged in 2025?,No,BUY,0.4971,76.0,37.78,LOSS,2025-02-10T01:12:39+00:00,2025-07-28T21:37:43+00:00,3
0x28250cd2e47fbc55439e60a0dbbe586dc0ccacce,0x89ac32e18929185f5bd0dc00e70337571f546e64ae5cd16dceb6026ac2679c1e,Taylor Swift and Travis Kelce engaged in 2025?,No,BUY,0.46,100.0,46.0,LOSS,2025-02-10T02:33:28+00:00,2025-02-10T02:33:28+00:00,2
0xcb14f61711d913773f4b982af340fa7eae175358,0x89ac32e18929185f5bd0dc00e70337571f546e64ae5cd16dceb6026ac2679c1e,Taylor Swift and Travis Kelce engaged in 2025?,No,BUY,0.5724,348.09,199.2304,LOSS,2025-02-10T14:59:10+00:00,2025-07-12T00:20:18+00:00,7
0xe9326a286a4d830758c8db6b251787c523fa0f05,0x89ac32e18929185f5bd0dc00e70337571f546e64ae5cd16dceb6026ac2679c1e,Taylor Swift and Travis Kelce engaged in 2025?,No,BUY,0.54,71.45,38.583,LOSS,2025-02-12T03:33:43+00:00,2025-02-12T03:33:43+00:00,1
0x2998fb1a927cff418ff3f0834cb48bae85aeb425,0x89ac32e18929185f5bd0dc00e70337571f546e64ae5cd16dceb6026ac2679c1e,Taylor Swift and Travis Kelce engaged in 2025?,Yes,BUY,0.45,3.4,1.53,WIN,2025-02-12T08:00:45+00:00,2025-02-12T08:00:45+00:00,1
0xf9b4420ee6376d77ae7e5cb6dedcffdbedfc0c6c,0x89ac32e18929185f5bd0dc00e70337571f546e64ae5cd16dceb6026ac2679c1e,Taylor Swift and Travis Kelce engaged in 2025?,Yes,BUY,0.4357,63.2287,27.55,WIN,2025-02-14T19:34:12+00:00,2025-07-31T22:23:06+00:00,4
0xa12227df8a96e769efbb06aeb6948f042219863a,0x89ac32e18929185f5bd0dc00e70337571f546e64ae5cd16dceb6026ac2679c1e,Taylor Swift and Travis Kelce engaged in 2025?,Yes,BUY,0.44,26.2,11.528,WIN,2025-02-15T13:42:48+00:00,2025-02-15T13:42:48+00:00,1
0x21ffd2b7a212a6f277ed3eca1a9f8efcbca90d71,0x89ac32e18929185f5bd0dc00e70337571f546e64ae5cd16dceb6026ac2679c1e,Taylor Swift and Travis Kelce engaged in 2025?,Yes,BUY,0.3466,223.02,77.2978,WIN,2025-02-20T08:55:14+00:00,2025-08-14T14:07:56+00:00,6
0x96b59f71f635da5da031e3e93448c54fe226f5e7,0x89ac32e18929185f5bd0dc00e70337571f546e64ae5cd16dceb6026ac2679c1e,Taylor Swift and Travis Kelce engaged in 2025?,Yes,BUY,0.41,0.58,0.2378,WIN,2025-02-20T13:29:41+00:00,2025-02-20T13:29:41+00:00,1
0x785386856456de26ac04ba1f5e3c49b92e7936d8,0x89ac32e18929185f5bd0dc00e70337571f546e64ae5cd16dceb6026ac2679c1e,Taylor Swift and Travis Kelce engaged in 2025?,No,BUY,0.62,258.33,160.1646,LOSS,2025-02-22T06:39:28+00:00,2025-02-22T06:39:28+00:00,2
0xde264f5e8340592f43e565c520958b53ffd70972,0x89ac32e18929185f5bd0dc00e70337571f546e64ae5cd16dceb6026ac2679c1e,Taylor Swift and Travis Kelce engaged in 2025?,Yes,BUY,0.39,32.18,12.5502,WIN,2025-02-23T03:51:23+00:00,2025-02-23T03:51:23+00:00,1
0x8b99e2ef30e415ea5f2f3fcad444777e69cc5cf5,0x89ac32e18929185f5bd0dc00e70337571f546e64ae5cd16dceb6026ac2679c1e,Taylor Swift and Travis Kelce engaged in 2025?,No,BUY,0.61,4.76,2.9036,LOSS,2025-03-03T07:16:53+00:00,2025-03-03T07:16:53+00:00,1
0xfd10b0cb42f0970e5bc501c46c79c2fd928f0860,0x89ac32e18929185f5bd0dc00e70337571f546e64ae5cd16dceb6026ac2679c1e,Taylor Swift and Travis Kelce engaged in 2025?,No,BUY,0.6032,44.05,26.5705,LOSS,2025-03-05T01:09:46+00:00,2025-03-09T16:23:58+00:00,2
0x21ffd2b7a212a6f277ed3eca1a9f8efcbca90d71,0x89ac32e18929185f5bd0dc00e70337571f546e64ae5cd16dceb6026ac2679c1e,Taylor Swift and Travis Kelce engaged in 2025?,No,BUY,0.5961,78.97,47.071,LOSS,2025-03-12T03:45:51+00:00,2025-05-10T07:16:53+00:00,3
0x9c1cbf09222ce419f156b80d1880654573e1eb65,0x89ac32e18929185f5bd0dc00e70337571f546e64ae5cd16dceb6026ac2679c1e,Taylor Swift and Travis Kelce engaged in 2025?,No,BUY,0.5706,29.99,17.1123,LOSS,2025-03-13T06:24:03+00:00,2025-03-23T21:59:36+00:00,2
0x25f70ed19567940ebd3e0741e85c1ff2bc819e74,0x89ac32e18929185f5bd0dc00e70337571f546e64ae5cd16dceb6026ac2679c1e,Taylor Swift and Travis Kelce engaged in 2025?,Yes,BUY,0.45,14.99,6.7455,WIN,2025-03-14T00:27:05+00:00,2025-03-14T00:27:05+00:00,1
0x3edcb86fa6c783076f9958c5ab893a3022b1ebc7,0x89ac32e18929185f5bd0dc00e70337571f546e64ae5cd16dceb6026ac2679c1e,Taylor Swift and Travis Kelce engaged in 2025?,No,BUY,0.57,19.6,11.172,LOSS,2025-03-24T16:15:38+00:00,2025-03-24T16:15:38+00:00,1
0x56c4d9c114d26e41fcbece56cab2d60a32333797,0x89ac32e18929185f5bd0dc00e70337571f546e64ae5cd16dceb6026ac2679c1e,Taylor Swift and Travis Kelce engaged in 2025?,No,BUY,0.57,76.69,43.7133,LOSS,2025-03-28T01:50:21+00:00,2025-03-28T01:50:21+00:00,1
0x56c4d9c114d26e41fcbece56cab2d60a32333797,0x89ac32e18929185f5bd0dc00e70337571f546e64ae5cd16dceb6026ac2679c1e,Taylor Swift and Travis Kelce engaged in 2025?,Yes,BUY,0.44,50.0,22.0,WIN,2025-03-31T15:45:51+00:00,2025-03-31T15:45:51+00:00,2
0x3e5525cad1ced23c3bda012191057a3ba5cf2b2a,0x89ac32e18929185f5bd0dc00e70337571f546e64ae5cd16dceb6026ac2679c1e,Taylor Swift and Travis Kelce engaged in 2025?,Yes,BUY,0.44,50.0,22.0,WIN,2025-03-31T15:59:27+00:00,2025-03-31T15:59:27+00:00,1
0xc1c0073a10dddc362f9a9e4424ea3343c2bd511e,0x89ac32e18929185f5bd0dc00e70337571f546e64ae5cd16dceb6026ac2679c1e,Taylor Swift and Travis Kelce engaged in 2025?,No,BUY,0.5957,82.2581,49.0,LOSS,2025-04-01T20:28:07+00:00,2025-05-01T23:34:30+00:00,2
0x269de75ec51f871830b6d61984abefcc8cea13cd,0x89ac32e18929185f5bd0dc00e70337571f546e64ae5cd16dceb6026ac2679c1e,Taylor Swift and Travis Kelce engaged in 2025?,No,BUY,0.58,21.5172,12.48,LOSS,2025-04-07T03:55:51+00:00,2025-04-07T03:55:51+00:00,1
0x8de2d9c42fe514be06a24467b0f0a64c573fa32b,0x89ac32e18929185f5bd0dc00e70337571f546e64ae5cd16dceb6026ac2679c1e,Taylor Swift and Travis Kelce engaged in 2025?,No,BUY,0.58,28.8848,16.7532,LOSS,2025-04-09T02:59:31+00:00,2025-04-09T02:59:31+00:00,1
0x51e7917476168d26f618c57239b4d49e1a3fcefb,0x89ac32e18929185f5bd0dc00e70337571f546e64ae5cd16dceb6026ac2679c1e,Taylor Swift and Travis Kelce engaged in 2025?,No,BUY,0.58,5.1724,3.0,LOSS,2025-04-09T14:49:03+00:00,2025-04-09T14:49:03+00:00,1
0x7b48d3219dbb2ba0d7ad9784f3df51029949b476,0x89ac32e18929185f5bd0dc00e70337571f546e64ae5cd16dceb6026ac2679c1e,Taylor Swift and Travis Kelce engaged in 2025?,No,BUY,0.58,1.7241,1.0,LOSS,2025-04-12T05:58:10+00:00,2025-04-12T05:58:10+00:00,1
0x28de9b27ce6fade6789b0981929d781e89c2a1fd,0x89ac32e18929185f5bd0dc00e70337571f546e64ae5cd16dceb6026ac2679c1e,Taylor Swift and Travis Kelce engaged in 2025?,Yes,BUY,0.4527,54.99,24.8956,WIN,2025-04-12T16:50:38+00:00,2025-04-12T16:50:38+00:00,2
0x962064f610ed58a82bed547835e4cc9964b5ed47,0x89ac32e18929185f5bd0dc00e70337571f546e64ae5cd16dceb6026ac2679c1e,Taylor Swift and Travis Kelce engaged in 2025?,No,BUY,0.46,10.8696,5.0,LOSS,2025-04-16T09:54:16+00:00,2025-04-16T09:54:16+00:00,1
0xf768b0bc44354fd7961b4077abdc1c5758c38d6b,0x89ac32e18929185f5bd0dc00e70337571f546e64ae5cd16dceb6026ac2679c1e,Taylor Swift and Travis Kelce engaged in 2025?,No,BUY,0.4536,16.997,7.71,LOSS,2025-04-16T17:45:30+00:00,2025-04-16T17:45:30+00:00,2
0x9efe0e55046074ab1284723fea76aab1dedbc23f,0x89ac32e18929185f5bd0dc00e70337571f546e64ae5cd16dceb6026ac2679c1e,Taylor Swift and Travis Kelce engaged in 2025?,No,BUY,0.48,2.0833,1.0,LOSS,2025-04-21T09:21:41+00:00,2025-04-21T09:21:41+00:00,1
0xd7377c1218a9e298695fcede135c816cbe6871bb,0x89ac32e18929185f5bd0dc00e70337571f546e64ae5cd16dceb6026ac2679c1e,Taylor Swift and Travis Kelce engaged in 2025?,No,BUY,0.47,20.0,9.4,LOSS,2025-04-22T11:28:40+00:00,2025-04-22T11:28:40+00:00,1
0xc9008db4af239ae54dd768434ac6890a2d444fae,0x89ac32e18929185f5bd0dc00e70337571f546e64ae5cd16dceb6026ac2679c1e,Taylor Swift and Travis Kelce engaged in 2025?,Yes,BUY,0.56,3.76,2.1056,WIN,2025-04-22T11:46:48+00:00,2025-04-22T11:46:48+00:00,1
0x28de9b27ce6fade6789b0981929d781e89c2a1fd,0x89ac32e18929185f5bd0dc00e70337571f546e64ae5cd16dceb6026ac2679c1e,Taylor Swift and Travis Kelce engaged in 2025?,No,BUY,0.48,12.94,6.2112,LOSS,2025-04-22T17:07:23+00:00,2025-04-22T17:07:23+00:00,1
0x88b6e6704a2c3bdff2a7b21ce6b1b2e8f3343cff,0x89ac32e18929185f5bd0dc00e70337571f546e64ae5cd16dceb6026ac2679c1e,Taylor Swift and Travis Kelce engaged in 2025?,No,BUY,0.6022,193.77,116.6795,LOSS,2025-04-27T02:03:05+00:00,2025-05-18T13:00:45+00:00,3
0x08026ab5055e0bbf1e3793d65b0c5f8408978cb0,0x89ac32e18929185f5bd0dc00e70337571f546e64ae5cd16dceb6026ac2679c1e,Taylor Swift and Travis Kelce engaged in 2025?,Yes,BUY,0.47,5.0,2.35,WIN,2025-04-28T14:58:16+00:00,2025-04-28T14:58:16+00:00,1
0x5992fc75b0d4e83a762f21ef94e924e6f571c50c,0x89ac32e18929185f5bd0dc00e70337571f546e64ae5cd16dceb6026ac2679c1e,Taylor Swift and Travis Kelce engaged in 2025?,No,BUY,0.59,28010.0,16525.9,LOSS,2025-05-09T10:14:37+00:00,2025-05-09T10:14:37+00:00,1
0xcbcd8fef60b5a944e94520db83a0bbe24d10077b,0x89ac32e18929185f5bd0dc00e70337571f546e64ae5cd16dceb6026ac2679c1e,Taylor Swift and Travis Kelce engaged in 2025?,No,BUY,0.62,12.48,7.7376,LOSS,2025-05-09T15:13:23+00:00,2025-05-09T15:13:23+00:00,1
0x849ae4cbb5fc341f64a9c71c6b0720868c84d636,0x89ac32e18929185f5bd0dc00e70337571f546e64ae5cd16dceb6026ac2679c1e,Taylor Swift and Travis Kelce engaged in 2025?,No,BUY,0.62,322.5806,200.0,LOSS,2025-05-09T21:26:49+00:00,2025-05-09T21:26:49+00:00,1
0x1bcf0a65045439482859cbd88fb5baed3a3745f5,0x89ac32e18929185f5bd0dc00e70337571f546e64ae5cd16dceb6026ac2679c1e,Taylor Swift and Travis Kelce engaged in 2025?,No,BUY,0.62,3.2258,2.0,LOSS,2025-05-10T01:54:05+00:00,2025-05-10T01:54:05+00:00,1
0x1c435d485542ce322b579bfc9b1c867979023c33,0x89ac32e18929185f5bd0dc00e70337571f546e64ae5cd16dceb6026ac2679c1e,Taylor Swift and Travis Kelce engaged in 2025?,Yes,BUY,0.41,7.3171,3.0,WIN,2025-05-10T02:42:09+00:00,2025-05-10T02:42:09+00:00,1
0x96ef106fbf2fe707f810848c8f34edd21893f310,0x89ac32e18929185f5bd0dc00e70337571f546e64ae5cd16dceb6026ac2679c1e,Taylor Swift and Travis Kelce engaged in 2025?,No,BUY,0.62,8.0645,5.0,LOSS,2025-05-10T12:36:35+00:00,2025-05-10T12:36:35+00:00,1
0x0bec86553dd70ca1e93424b920c7de0434eb3fa4,0x89ac32e18929185f5bd0dc00e70337571f546e64ae5cd16dceb6026ac2679c1e,Taylor Swift and Travis Kelce engaged in 2025?,No,BUY,0.62,10.4839,6.5,LOSS,2025-05-10T15:16:59+00:00,2025-05-10T15:16:59+00:00,1
0x0bec86553dd70ca1e93424b920c7de0434eb3fa4,0x89ac32e18929185f5bd0dc00e70337571f546e64ae5cd16dceb6026ac2679c1e,Taylor Swift and Travis Kelce engaged in 2025?,Yes,BUY,0.4,10.48,4.192,WIN,2025-05-10T15:52:41+00:00,2025-05-10T15:52:41+00:00,1
0x5fe50c22621779e031322c5becb110d1fa0d8b99,0x89ac32e18929185f5bd0dc00e70337571f546e64ae5cd16dceb6026ac2679c1e,Taylor Swift and Travis Kelce engaged in 2025?,No,BUY,0.672,4.17,2.8021,LOSS,2025-05-10T15:57:33+00:00,2025-08-14T05:32:38+00:00,2
0x121a802a2fd6dd856cc5ebb54280cc687059a00d,0x89ac32e18929185f5bd0dc00e70337571f546e64ae5cd16dceb6026ac2679c1e,Taylor Swift and Travis Kelce engaged in 2025?,No,BUY,0.62,1.6129,1.0,LOSS,2025-05-11T19:45:47+00:00,2025-05-11T19:45:47+00:00,1
0xf385dc56afb18a123a5d466359c5f2a21bc34864,0x89ac32e18929185f5bd0dc00e70337571f546e64ae5cd16dceb6026ac2679c1e,Taylor Swift and Travis Kelce engaged in 2025?,No,BUY,0.62,21.0,13.02,LOSS,2025-05-11T23:27:13+00:00,2025-05-11T23:27:13+00:00,1
0x78e75938314ed11219d07d26c9c59541a651e34a,0x89ac32e18929185f5bd0dc00e70337571f546e64ae5cd16dceb6026ac2679c1e,Taylor Swift and Travis Kelce engaged in 2025?,Yes,BUY,0.41,2.439,1.0,WIN,2025-05-12T06:49:18+00:00,2025-05-12T06:49:18+00:00,1
0xfde61db51b60faccbbafc88bc3590584e1bc1f5c,0x89ac32e18929185f5bd0dc00e70337571f546e64ae5cd16dceb6026ac2679c1e,Taylor Swift and Travis Kelce engaged in 2025?,No,BUY,0.6,27824.0,16694.4,LOSS,2025-05-12T10:02:34+00:00,2025-05-12T10:02:34+00:00,1
0x74b6cdbcca00dcd1914eecf3057bcfae435641d8,0x89ac32e18929185f5bd0dc00e70337571f546e64ae5cd16dceb6026ac2679c1e,Taylor Swift and Travis Kelce engaged in 2025?,No,BUY,0.62,14.5161,9.0,LOSS,2025-05-12T16:40:59+00:00,2025-05-12T16:40:59+00:00,1
0x3cf2836aac4fc58b7bfa40151e9f2d4c02911fac,0x89ac32e18929185f5bd0dc00e70337571f546e64ae5cd16dceb6026ac2679c1e,Taylor Swift and Travis Kelce engaged in 2025?,Yes,BUY,0.4,28080.0,11232.0,WIN,2025-05-13T08:15:54+00:00,2025-05-13T08:15:54+00:00,1
0x78e75938314ed11219d07d26c9c59541a651e34a,0x89ac32e18929185f5bd0dc00e70337571f546e64ae5cd16dceb6026ac2679c1e,Taylor Swift and Travis Kelce engaged in 2025?,No,BUY,0.62,2.43,1.5066,LOSS,2025-05-13T12:20:13+00:00,2025-05-13T12:20:13+00:00,1
0xc514d443e2b9d48ee1a0b45cc6d69d8584fbaa00,0x89ac32e18929185f5bd0dc00e70337571f546e64ae5cd16dceb6026ac2679c1e,Taylor Swift and Travis Kelce engaged in 2025?,No,BUY,0.62,272.61,169.0182,LOSS,2025-05-14T01:01:52+00:00,2025-05-14T01:01:52+00:00,2
0x8393e16061c9e01d30be7b64b4339e593010be30,0x89ac32e18929185f5bd0dc00e70337571f546e64ae5cd16dceb6026ac2679c1e,Taylor Swift and Travis Kelce engaged in 2025?,No,BUY,0.64,4.6875,3.0,LOSS,2025-05-14T02:52:45+00:00,2025-05-14T02:52:45+00:00,1
0x5b7db0afd96e2238d23b4ec46190d3d8a2908a55,0x89ac32e18929185f5bd0dc00e70337571f546e64ae5cd16dceb6026ac2679c1e,Taylor Swift and Travis Kelce engaged in 2025?,No,BUY,0.64,15.625,10.0,LOSS,2025-05-14T03:56:07+00:00,2025-05-14T03:56:07+00:00,1
0x96e882359883590b2cf8828d46200b0ab099d139,0x89ac32e18929185f5bd0dc00e70337571f546e64ae5cd16dceb6026ac2679c1e,Taylor Swift and Travis Kelce engaged in 2025?,Yes,BUY,0.37,58641.0,21696.4003,WIN,2025-05-14T08:46:51+00:00,2025-05-14T08:46:51+00:00,2
0x849ae4cbb5fc341f64a9c71c6b0720868c84d636,0x89ac32e18929185f5bd0dc00e70337571f546e64ae5cd16dceb6026ac2679c1e,Taylor Swift and Travis Kelce engaged in 2025?,Yes,BUY,0.3602,247.58,89.1892,WIN,2025-05-16T19:37:10+00:00,2025-05-27T14:23:01+00:00,6
0xae409a9de060398032ee89309989ca88d9b6c341,0x89ac32e18929185f5bd0dc00e70337571f546e64ae5cd16dceb6026ac2679c1e,Taylor Swift and Travis Kelce engaged in 2025?,No,BUY,0.64,1.75,1.12,LOSS,2025-05-17T20:25:00+00:00,2025-05-17T20:25:00+00:00,1
0xaae8926b79c26a75f0bd537e5c9155d3ceef2f63,0x89ac32e18929185f5bd0dc00e70337571f546e64ae5cd16dceb6026ac2679c1e,Taylor Swift and Travis Kelce engaged in 2025?,No,BUY,0.6416,33.7462,21.65,LOSS,2025-05-24T13:54:55+00:00,2025-05-24T13:54:55+00:00,2
0x3f4f9145904c7b3261c3bbe05fcea64d9d91b4b3,0x89ac32e18929185f5bd0dc00e70337571f546e64ae5cd16dceb6026ac2679c1e,Taylor Swift and Travis Kelce engaged in 2025?,Yes,BUY,0.476,4.96,2.3608,WIN,2025-05-24T14:38:25+00:00,2025-06-30T20:59:00+00:00,2
0x71d50c5e937c5010796682ba812f5bb56356af86,0x89ac32e18929185f5bd0dc00e70337571f546e64ae5cd16dceb6026ac2679c1e,Taylor Swift and Travis Kelce engaged in 2025?,Yes,BUY,0.46,2.1739,1.0,WIN,2025-05-25T09:19:25+00:00,2025-05-25T09:19:25+00:00,1
0x3978a99e028eb590c98d8e9ddbe513298fa92f24,0x89ac32e18929185f5bd0dc00e70337571f546e64ae5cd16dceb6026ac2679c1e,Taylor Swift and Travis Kelce engaged in 2025?,No,BUY,0.66,15.0,9.9,LOSS,2025-05-25T13:37:29+00:00,2025-05-25T13:37:29+00:00,2
0xcceb22d524e186153cffe79f13c0aeb75889f030,0x89ac32e18929185f5bd0dc00e70337571f546e64ae5cd16dceb6026ac2679c1e,Taylor Swift and Travis Kelce engaged in 2025?,Yes,BUY,0.4347,64.1,27.8646,WIN,2025-05-25T14:45:37+00:00,2025-07-30T14:45:52+00:00,2
0x92c78d8f12a214184db7acbccc6e34d8a197c136,0x89ac32e18929185f5bd0dc00e70337571f546e64ae5cd16dceb6026ac2679c1e,Taylor Swift and Travis Kelce engaged in 2025?,Yes,BUY,0.37,41.43,15.3291,WIN,2025-05-27T14:24:59+00:00,2025-05-27T14:24:59+00:00,1
0xd84386d5982c4482a57bee7f1936bfefaafe7d56,0x89ac32e18929185f5bd0dc00e70337571f546e64ae5cd16dceb6026ac2679c1e,Taylor Swift and Travis Kelce engaged in 2025?,Yes,BUY,0.39,84.16,32.8224,WIN,2025-05-29T11:55:05+00:00,2025-05-29T11:55:05+00:00,1
0x1d3a805284bc8029cd6acd06d5a2b8b2b1807b63,0x89ac32e18929185f5bd0dc00e70337571f546e64ae5cd16dceb6026ac2679c1e,Taylor Swift and Travis Kelce engaged in 2025?,Yes,BUY,0.9209,805.03,741.3469,WIN,2025-05-30T18:55:51+00:00,2025-08-26T17:32:43+00:00,2
0x0fafcd98288de61a3350b24b8a1ecc1284bdd0d9,0x89ac32e18929185f5bd0dc00e70337571f546e64ae5cd16dceb6026ac2679c1e,Taylor Swift and Travis Kelce engaged in 2025?,No,BUY,0.66,68.75,45.375,LOSS,2025-05-31T19:42:55+00:00,2025-05-31T19:42:55+00:00,1
0x57cd8cad26e2d72dbfb25f2642a486cc374282ac,0x89ac32e18929185f5bd0dc00e70337571f546e64ae5cd16dceb6026ac2679c1e,Taylor Swift and Travis Kelce engaged in 2025?,No,BUY,0.66,5.0,3.3,LOSS,2025-06-02T15:57:51+00:00,2025-06-02T15:57:51+00:00,1
0x57cd8cad26e2d72dbfb25f2642a486cc374282ac,0x89ac32e18929185f5bd0dc00e70337571f546e64ae5cd16dceb6026ac2679c1e,Taylor Swift and Travis Kelce engaged in 2025?,Yes,BUY,0.41,7.5,3.075,WIN,2025-06-02T15:58:07+00:00,2025-06-02T15:58:07+00:00,1
0xb06ba8db9db277c363e8eebd05951214204a6d80,0x89ac32e18929185f5bd0dc00e70337571f546e64ae5cd16dceb6026ac2679c1e,Taylor Swift and Travis Kelce engaged in 2025?,Yes,BUY,0.41,2.439,1.0,WIN,2025-06-03T18:08:04+00:00,2025-06-03T18:08:04+00:00,1
0xaf682b772984df5e259a41dd4b5fb140d0fe3fde,0x89ac32e18929185f5bd0dc00e70337571f546e64ae5cd16dceb6026ac2679c1e,Taylor Swift and Travis Kelce engaged in 2025?,No,BUY,0.6238,390.05,243.3232,LOSS,2025-06-05T17:14:42+00:00,2025-07-11T13:22:38+00:00,2
0x92658edd3cacf201bdfa16bfd77f02f090ca4ab7,0x89ac32e18929185f5bd0dc00e70337571f546e64ae5cd16dceb6026ac2679c1e,Taylor Swift and Travis Kelce engaged in 2025?,Yes,BUY,0.35,99.74,34.909,WIN,2025-06-05T23:37:14+00:00,2025-06-05T23:37:14+00:00,2
0xac6130f4ad77d0e9a30245e1460f89087dfbf5f7,0x89ac32e18929185f5bd0dc00e70337571f546e64ae5cd16dceb6026ac2679c1e,Taylor Swift and Travis Kelce engaged in 2025?,No,BUY,0.66,0.26,0.1716,LOSS,2025-06-05T23:47:42+00:00,2025-06-05T23:47:42+00:00,1
0x17b342d30ba55e3b8d0c2b343db69f3fc5c903cf,0x89ac32e18929185f5bd0dc00e70337571f546e64ae5cd16dceb6026ac2679c1e,Taylor Swift and Travis Kelce engaged in 2025?,Yes,BUY,0.37,13.5135,5.0,WIN,2025-06-06T15:14:39+00:00,2025-06-06T15:14:39+00:00,2
0x9c1cbf09222ce419f156b80d1880654573e1eb65,0x89ac32e18929185f5bd0dc00e70337571f546e64ae5cd16dceb6026ac2679c1e,Taylor Swift and Travis Kelce engaged in 2025?,Yes,BUY,0.39,56.25,21.9375,WIN,2025-06-10T20:24:40+00:00,2025-06-10T20:24:40+00:00,1
0x4a85a58df5ee4b98b091bd73a7abb0101a205a7c,0x89ac32e18929185f5bd0dc00e70337571f546e64ae5cd16dceb6026ac2679c1e,Taylor Swift and Travis Kelce engaged in 2025?,No,BUY,0.66,3.29,2.1714,LOSS,2025-06-10T21:29:08+00:00,2025-06-10T21:29:08+00:00,1
0xbaa4dd4b3972d5e9c8ee2c255666e303c0e4a3e3,0x89ac32e18929185f5bd0dc00e70337571f546e64ae5cd16dceb6026ac2679c1e,Taylor Swift and Travis Kelce engaged in 2025?,Yes,BUY,0.39,2.86,1.1154,WIN,2025-06-11T06:46:57+00:00,2025-06-11T06:46:57+00:00,1
0x7c6fddb0810344f86c1baaf1258d1d35165b8c74,0x89ac32e18929185f5bd0dc00e70337571f546e64ae5cd16dceb6026ac2679c1e,Taylor Swift and Travis Kelce engaged in 2025?,Yes,BUY,0.39,3.19,1.2441,WIN,2025-06-11T08:08:23+00:00,2025-06-11T08:08:23+00:00,1
0xa3539ad9f814d328f6516f34967dae4180e555c1,0x89ac32e18929185f5bd0dc00e70337571f546e64ae5cd16dceb6026ac2679c1e,Taylor Swift and Travis Kelce engaged in 2025?,Yes,BUY,0.39,12.8205,5.0,WIN,2025-06-15T19:04:25+00:00,2025-06-15T19:04:25+00:00,1
0x8d486344a8f5568b7663e52d70de2dee95ec47ea,0x89ac32e18929185f5bd0dc00e70337571f546e64ae5cd16dceb6026ac2679c1e,Taylor Swift and Travis Kelce engaged in 2025?,Yes,BUY,0.39,12.8205,5.0,WIN,2025-06-19T22:13:22+00:00,2025-06-19T22:13:22+00:00,1
0x2ab5a0dc225c0531abddf738eb5463a385c558af,0x89ac32e18929185f5bd0dc00e70337571f546e64ae5cd16dceb6026ac2679c1e,Taylor Swift and Travis Kelce engaged in 2025?,Yes,BUY,0.39,5.83,2.2737,WIN,2025-06-23T06:10:23+00:00,2025-06-23T06:10:23+00:00,1
0x56d048b1e93a6d619db0491af4d6c7f6605a04dc,0x89ac32e18929185f5bd0dc00e70337571f546e64ae5cd16dceb6026ac2679c1e,Taylor Swift and Travis Kelce engaged in 2025?,No,BUY,0.6526,10.2206,6.67,LOSS,2025-06-24T04:40:49+00:00,2025-06-24T04:40:49+00:00,2
0x8a798a773ef58a04687ebe5ccfe1d6099318c2ea,0x89ac32e18929185f5bd0dc00e70337571f546e64ae5cd16dceb6026ac2679c1e,Taylor Swift and Travis Kelce engaged in 2025?,No,BUY,0.66,2.56,1.6896,LOSS,2025-06-25T15:03:27+00:00,2025-06-25T15:03:27+00:00,1
0x8741b8cea4e02960c2c038b6646e561c66bc1ec4,0x89ac32e18929185f5bd0dc00e70337571f546e64ae5cd16dceb6026ac2679c1e,Taylor Swift and Travis Kelce engaged in 2025?,No,BUY,0.66,15.1515,10.0,LOSS,2025-06-28T23:27:13+00:00,2025-06-28T23:27:13+00:00,1
0x6aa756bf6a8740ddff8e1d9876daaa3bfcca5455,0x89ac32e18929185f5bd0dc00e70337571f546e64ae5cd16dceb6026ac2679c1e,Taylor Swift and Travis Kelce engaged in 2025?,No,BUY,0.626,361.92,226.5472,LOSS,2025-06-29T00:18:17+00:00,2025-07-18T07:31:32+00:00,5
0xe80f16f0fc5d452c52bd3947441a9b03f48cb6b9,0x89ac32e18929185f5bd0dc00e70337571f546e64ae5cd16dceb6026ac2679c1e,Taylor Swift and Travis Kelce engaged in 2025?,Yes,BUY,0.35,8.5714,3.0,WIN,2025-06-29T20:50:27+00:00,2025-06-29T20:50:27+00:00,1
0x311e0184fd5867e8a0d48ab0dfef649065fc62a8,0x89ac32e18929185f5bd0dc00e70337571f546e64ae5cd16dceb6026ac2679c1e,Taylor Swift and Travis Kelce engaged in 2025?,Yes,BUY,0.35,60.0,21.0,WIN,2025-06-30T04:04:30+00:00,2025-06-30T04:04:30+00:00,1
0x28250cd2e47fbc55439e60a0dbbe586dc0ccacce,0x89ac32e18929185f5bd0dc00e70337571f546e64ae5cd16dceb6026ac2679c1e,Taylor Swift and Travis Kelce engaged in 2025?,Yes,BUY,0.48,33.54,16.0992,WIN,2025-06-30T18:10:30+00:00,2025-06-30T18:10:30+00:00,1
0x74909a1704977beacb1753c2cb8f2590e3d72661,0x89ac32e18929185f5bd0dc00e70337571f546e64ae5cd16dceb6026ac2679c1e,Taylor Swift and Travis Kelce engaged in 2025?,No,BUY,0.55,18.1818,10.0,LOSS,2025-06-30T22:16:16+00:00,2025-06-30T22:16:16+00:00,1
0xf2844acd910e7391a5c9a41b798b5b7b583b29dd,0x89ac32e18929185f5bd0dc00e70337571f546e64ae5cd16dceb6026ac2679c1e,Taylor Swift and Travis Kelce engaged in 2025?,No,BUY,0.58,10.0,5.8,LOSS,2025-07-01T09:49:49+00:00,2025-07-01T09:49:49+00:00,1
0x8143ce3724cb01f359642e491a06808386ee7784,0x89ac32e18929185f5bd0dc00e70337571f546e64ae5cd16dceb6026ac2679c1e,Taylor Swift and Travis Kelce engaged in 2025?,Yes,BUY,0.4,2.5,1.0,WIN,2025-07-01T14:38:59+00:00,2025-07-01T14:38:59+00:00,1
0x8393e16061c9e01d30be7b64b4339e593010be30,0x89ac32e18929185f5bd0dc00e70337571f546e64ae5cd16dceb6026ac2679c1e,Taylor Swift and Travis Kelce engaged in 2025?,Yes,BUY,0.4,4.68,1.872,WIN,2025-07-03T09:22:33+00:00,2025-07-03T09:22:33+00:00,1
0xacc56d71b294a063b86c07124213b8c41c699436,0x89ac32e18929185f5bd0dc00e70337571f546e64ae5cd16dceb6026ac2679c1e,Taylor Swift and Travis Kelce engaged in 2025?,Yes,BUY,0.3919,62.63,24.542,WIN,2025-07-09T07:06:41+00:00,2025-07-09T07:06:41+00:00,2
0xacc56d71b294a063b86c07124213b8c41c699436,0x89ac32e18929185f5bd0dc00e70337571f546e64ae5cd16dceb6026ac2679c1e,Taylor Swift and Travis Kelce engaged in 2025?,No,BUY,0.62,128.37,79.5894,LOSS,2025-07-10T08:29:39+00:00,2025-07-10T08:29:39+00:00,1
0xc1e57005a00e25baa51711800f1852676907a32f,0x89ac32e18929185f5bd0dc00e70337571f546e64ae5cd16dceb6026ac2679c1e,Taylor Swift and Travis Kelce engaged in 2025?,No,BUY,0.62,5.0,3.1,LOSS,2025-07-10T10:47:58+00:00,2025-07-10T10:47:58+00:00,1
0x5f8ae6f367cf91857652ca4e5f648c71ac9fa3ed,0x89ac32e18929185f5bd0dc00e70337571f546e64ae5cd16dceb6026ac2679c1e,Taylor Swift and Travis Kelce engaged in 2025?,No,BUY,0.6172,36.3065,22.41,LOSS,2025-07-11T02:45:54+00:00,2025-07-20T18:59:23+00:00,2
0x516d99159930cbae003756af74fecf61159903e5,0x89ac32e18929185f5bd0dc00e70337571f546e64ae5cd16dceb6026ac2679c1e,Taylor Swift and Travis Kelce engaged in 2025?,No,BUY,0.63,50.0,31.5,LOSS,2025-07-12T12:05:18+00:00,2025-07-12T12:05:18+00:00,1
0x90f7180856b033ea45200d892a7bc49fd1662501,0x89ac32e18929185f5bd0dc00e70337571f546e64ae5cd16dceb6026ac2679c1e,Taylor Swift and Travis Kelce engaged in 2025?,No,BUY,0.6303,545.0,343.5,LOSS,2025-07-14T15:17:25+00:00,2025-07-17T22:28:30+00:00,3
0x4197b19b3cb5dda66bf24cf6b82e11434ec3126e,0x89ac32e18929185f5bd0dc00e70337571f546e64ae5cd16dceb6026ac2679c1e,Taylor Swift and Travis Kelce engaged in 2025?,No,BUY,0.65,6.1538,4.0,LOSS,2025-07-14T20:53:58+00:00,2025-07-14T20:53:58+00:00,1
0xeface9902242b0399856f981600b907dcc9bc9a1,0x89ac32e18929185f5bd0dc00e70337571f546e64ae5cd16dceb6026ac2679c1e,Taylor Swift and Travis Kelce engaged in 2025?,Yes,BUY,0.4072,443.88,180.752,WIN,2025-07-16T17:11:38+00:00,2025-07-29T16:44:11+00:00,5
0x0b247395da308477307eaa9219800639ae5c01ab,0x89ac32e18929185f5bd0dc00e70337571f546e64ae5cd16dceb6026ac2679c1e,Taylor Swift and Travis Kelce engaged in 2025?,No,BUY,0.65,30.7692,20.0,LOSS,2025-07-16T17:25:56+00:00,2025-07-16T17:25:56+00:00,2
0xc514d443e2b9d48ee1a0b45cc6d69d8584fbaa00,0x89ac32e18929185f5bd0dc00e70337571f546e64ae5cd16dceb6026ac2679c1e,Taylor Swift and Travis Kelce engaged in 2025?,Yes,BUY,0.39,55.0,21.45,WIN,2025-07-18T20:23:15+00:00,2025-07-18T20:23:15+00:00,1
0x2d69f6979be8ad9eed122b1cc5127c8930cec1d6,0x89ac32e18929185f5bd0dc00e70337571f546e64ae5cd16dceb6026ac2679c1e,Taylor Swift and Travis Kelce engaged in 2025?,No,BUY,0.6494,362.9915,235.73,LOSS,2025-07-19T10:04:52+00:00,2025-07-27T03:18:18+00:00,3
0x62a629c50e4c29c8576b7ee8a908d5d37c2c53e9,0x89ac32e18929185f5bd0dc00e70337571f546e64ae5cd16dceb6026ac2679c1e,Taylor Swift and Travis Kelce engaged in 2025?,No,BUY,0.61,5.0,3.05,LOSS,2025-07-20T19:14:01+00:00,2025-07-20T19:14:01+00:00,1
0x5317e04d71b253636c89e2d16b2933b6bc079ae7,0x89ac32e18929185f5bd0dc00e70337571f546e64ae5cd16dceb6026ac2679c1e,Taylor Swift and Travis Kelce engaged in 2025?,No,BUY,0.61,40.0,24.4,LOSS,2025-07-21T03:38:11+00:00,2025-07-21T03:38:11+00:00,1
0x8c678b630c9907191bd520a51b7161985759bb39,0x89ac32e18929185f5bd0dc00e70337571f546e64ae5cd16dceb6026ac2679c1e,Taylor Swift and Travis Kelce engaged in 2025?,No,BUY,0.62,28.38,17.5956,LOSS,2025-07-21T17:19:03+00:00,2025-07-21T17:19:03+00:00,1
0x9b5bb72eb7c9ee2dafd2a9cbb6af5d211e9e6b88,0x89ac32e18929185f5bd0dc00e70337571f546e64ae5cd16dceb6026ac2679c1e,Taylor Swift and Travis Kelce engaged in 2025?,No,BUY,0.64,9.375,6.0,LOSS,2025-07-27T01:53:34+00:00,2025-07-27T01:53:34+00:00,1
0x9b5bb72eb7c9ee2dafd2a9cbb6af5d211e9e6b88,0x89ac32e18929185f5bd0dc00e70337571f546e64ae5cd16dceb6026ac2679c1e,Taylor Swift and Travis Kelce engaged in 2025?,Yes,BUY,0.37,9.37,3.4669,WIN,2025-07-27T03:45:12+00:00,2025-07-27T03:45:12+00:00,1
0xdfc16898a5e2bc722486e23083a98e29b861818d,0x89ac32e18929185f5bd0dc00e70337571f546e64ae5cd16dceb6026ac2679c1e,Taylor Swift and Travis Kelce engaged in 2025?,Yes,BUY,0.3814,512.66,195.5074,WIN,2025-07-28T21:31:11+00:00,2025-08-06T00:29:39+00:00,4
0x18c5cb0dce7e7b5764d28048f46baf2e8c120921,0x89ac32e18929185f5bd0dc00e70337571f546e64ae5cd16dceb6026ac2679c1e,Taylor Swift and Travis Kelce engaged in 2025?,No,BUY,0.57,30.35,17.2995,LOSS,2025-07-29T15:54:19+00:00,2025-07-29T15:54:19+00:00,2
0xc9060957c1fc72110083d19a99e5e9f210601969,0x89ac32e18929185f5bd0dc00e70337571f546e64ae5cd16dceb6026ac2679c1e,Taylor Swift and Travis Kelce engaged in 2025?,Yes,BUY,0.4677,21.383,10.0,WIN,2025-07-30T14:44:06+00:00,2025-07-30T14:44:06+00:00,2
0x4423662e2c809c7197daaed8ccb5b556981bb46f,0x89ac32e18929185f5bd0dc00e70337571f546e64ae5cd16dceb6026ac2679c1e,Taylor Swift and Travis Kelce engaged in 2025?,No,BUY,0.66,13.2121,8.72,LOSS,2025-07-30T20:05:31+00:00,2025-07-30T20:05:31+00:00,1
0x92eb1cd8de460e6f89115218acd8c35d58ba986a,0x89ac32e18929185f5bd0dc00e70337571f546e64ae5cd16dceb6026ac2679c1e,Taylor Swift and Travis Kelce engaged in 2025?,Yes,BUY,0.47,2.1277,1.0,WIN,2025-07-30T21:24:54+00:00,2025-07-30T21:24:54+00:00,1
0x5892409d800e837830288685604c21dcb9a08a85,0x89ac32e18929185f5bd0dc00e70337571f546e64ae5cd16dceb6026ac2679c1e,Taylor Swift and Travis Kelce engaged in 2025?,No,BUY,0.67,2.9627,1.985,LOSS,2025-07-30T23:20:09+00:00,2025-07-30T23:20:09+00:00,1
0x989fc5a00b28993520398670d6375eb2f1405e7f,0x89ac32e18929185f5bd0dc00e70337571f546e64ae5cd16dceb6026ac2679c1e,Taylor Swift and Travis Kelce engaged in 2025?,Yes,BUY,0.49,13.1224,6.43,WIN,2025-07-31T02:04:03+00:00,2025-07-31T02:04:03+00:00,1
0x25d379bb46f527b54ef3cc92bf361e60803ca792,0x89ac32e18929185f5bd0dc00e70337571f546e64ae5cd16dceb6026ac2679c1e,Taylor Swift and Travis Kelce engaged in 2025?,No,BUY,0.7,7.1429,5.0,LOSS,2025-07-31T02:12:01+00:00,2025-07-31T02:12:01+00:00,1
0xc0ef09a209d59b8d73cad11912da68e0775077a5,0x89ac32e18929185f5bd0dc00e70337571f546e64ae5cd16dceb6026ac2679c1e,Taylor Swift and Travis Kelce engaged in 2025?,Yes,BUY,0.49,2.93,1.4357,WIN,2025-07-31T02:51:23+00:00,2025-07-31T02:51:23+00:00,1
0xd347d7126544117049413eec897683fab68e5205,0x89ac32e18929185f5bd0dc00e70337571f546e64ae5cd16dceb6026ac2679c1e,Taylor Swift and Travis Kelce engaged in 2025?,Yes,BUY,0.4082,33.47,13.6622,WIN,2025-07-31T04:35:37+00:00,2025-07-31T13:02:26+00:00,4
0x5055d0de1dfce26e16a653f3299cdc16b926b5d6,0x89ac32e18929185f5bd0dc00e70337571f546e64ae5cd16dceb6026ac2679c1e,Taylor Swift and Travis Kelce engaged in 2025?,No,BUY,0.6,3.3333,2.0,LOSS,2025-07-31T04:49:29+00:00,2025-07-31T04:49:29+00:00,1
0xd896c2d653a13824fd975502fd526217c2907e4a,0x89ac32e18929185f5bd0dc00e70337571f546e64ae5cd16dceb6026ac2679c1e,Taylor Swift and Travis Kelce engaged in 2025?,No,BUY,0.6,3.3333,2.0,LOSS,2025-07-31T04:55:37+00:00,2025-07-31T04:55:37+00:00,1
0xe762cff9f9de55dbff51657c457650b729d67346,0x89ac32e18929185f5bd0dc00e70337571f546e64ae5cd16dceb6026ac2679c1e,Taylor Swift and Travis Kelce engaged in 2025?,Yes,BUY,0.42,11.9048,5.0,WIN,2025-07-31T10:05:18+00:00,2025-07-31T10:05:18+00:00,1
0x75bbcab056355cd6d7d17571a250c34b9f6f67c3,0x89ac32e18929185f5bd0dc00e70337571f546e64ae5cd16dceb6026ac2679c1e,Taylor Swift and Travis Kelce engaged in 2025?,No,BUY,0.61,27.541,16.8,LOSS,2025-07-31T10:44:04+00:00,2025-07-31T10:44:04+00:00,1
0x995c28aab42c1e202e7444d71212bee64e3c8770,0x89ac32e18929185f5bd0dc00e70337571f546e64ae5cd16dceb6026ac2679c1e,Taylor Swift and Travis Kelce engaged in 2025?,No,BUY,0.61,32.7869,20.0,LOSS,2025-07-31T10:44:16+00:00,2025-07-31T10:44:16+00:00,1
0x144fc682975b1e90e062177ea54bc86399c47516,0x89ac32e18929185f5bd0dc00e70337571f546e64ae5cd16dceb6026ac2679c1e,Taylor Swift and Travis Kelce engaged in 2025?,No,BUY,0.61,43.66,26.6326,LOSS,2025-07-31T11:11:56+00:00,2025-07-31T11:11:56+00:00,1
0xc6d060212b6a435121140b82043db37f889a07ec,0x89ac32e18929185f5bd0dc00e70337571f546e64ae5cd16dceb6026ac2679c1e,Taylor Swift and Travis Kelce engaged in 2025?,Yes,BUY,0.41,2.439,1.0,WIN,2025-07-31T12:55:32+00:00,2025-07-31T12:55:32+00:00,1
0xf38694cbfb75426813131cfc8e7ec9adabdc1158,0x89ac32e18929185f5bd0dc00e70337571f546e64ae5cd16dceb6026ac2679c1e,Taylor Swift and Travis Kelce engaged in 2025?,No,BUY,0.6,5.0,3.0,LOSS,2025-07-31T13:21:06+00:00,2025-07-31T13:21:06+00:00,1
0x0f863d92dd2b960e3eb6a23a35fd92a91981404e,0x89ac32e18929185f5bd0dc00e70337571f546e64ae5cd16dceb6026ac2679c1e,Taylor Swift and Travis Kelce engaged in 2025?,No,BUY,0.59,5.0,2.95,LOSS,2025-07-31T15:05:58+00:00,2025-07-31T15:05:58+00:00,1
0x28be25e50da956864e4002e84b844be85e073ea8,0x89ac32e18929185f5bd0dc00e70337571f546e64ae5cd16dceb6026ac2679c1e,Taylor Swift and Travis Kelce engaged in 2025?,No,BUY,0.59,5.0,2.95,LOSS,2025-07-31T15:08:30+00:00,2025-07-31T15:08:30+00:00,1
0xa3ade787b526c6661cd3f882c74c685789b82582,0x89ac32e18929185f5bd0dc00e70337571f546e64ae5cd16dceb6026ac2679c1e,Taylor Swift and Travis Kelce engaged in 2025?,No,BUY,0.58,5.0,2.9,LOSS,2025-07-31T20:02:58+00:00,2025-07-31T20:02:58+00:00,1
0x3002e73a0f11c771383be550915adfb947567d71,0x89ac32e18929185f5bd0dc00e70337571f546e64ae5cd16dceb6026ac2679c1e,Taylor Swift and Travis Kelce engaged in 2025?,No,BUY,0.58,9.069,5.26,LOSS,2025-07-31T20:15:34+00:00,2025-08-04T17:24:11+00:00,2
0xc8b2b62e9ac155c153c0fdeaf35672be58fb7c84,0x89ac32e18929185f5bd0dc00e70337571f546e64ae5cd16dceb6026ac2679c1e,Taylor Swift and Travis Kelce engaged in 2025?,Yes,BUY,0.44,5.09,2.2396,WIN,2025-07-31T20:16:00+00:00,2025-07-31T20:16:34+00:00,2
0x01492627917cf9bacc768797ff941aadf9b1fc9f,0x89ac32e18929185f5bd0dc00e70337571f546e64ae5cd16dceb6026ac2679c1e,Taylor Swift and Travis Kelce engaged in 2025?,No,BUY,0.6898,31.46,21.7012,LOSS,2025-07-31T22:02:48+00:00,2025-08-15T05:39:40+00:00,2
0xf5cfe6f998d597085e366f915b140e82e0869fc6,0x89ac32e18929185f5bd0dc00e70337571f546e64ae5cd16dceb6026ac2679c1e,Taylor Swift and Travis Kelce engaged in 2025?,Yes,BUY,0.4024,861.39,346.5941,WIN,2025-07-31T22:22:36+00:00,2025-08-26T16:46:13+00:00,10
0x4620ca20fcf0812c7d46fd5502590fef6b122a6e,0x89ac32e18929185f5bd0dc00e70337571f546e64ae5cd16dceb6026ac2679c1e,Taylor Swift and Travis Kelce engaged in 2025?,No,BUY,0.55,5.0,2.75,LOSS,2025-07-31T23:11:34+00:00,2025-07-31T23:11:34+00:00,1
0x1b4a6dcd4c0398ed00d22910ed31eeeb1f5ceb24,0x89ac32e18929185f5bd0dc00e70337571f546e64ae5cd16dceb6026ac2679c1e,Taylor Swift and Travis Kelce engaged in 2025?,Yes,BUY,0.46,5.0,2.3,WIN,2025-08-01T00:53:52+00:00,2025-08-01T00:53:52+00:00,1
0xb4e1abb32255d570e738adc551ac4cabd3d9b3c6,0x89ac32e18929185f5bd0dc00e70337571f546e64ae5cd16dceb6026ac2679c1e,Taylor Swift and Travis Kelce engaged in 2025?,No,BUY,0.55,5.0,2.75,LOSS,2025-08-01T01:18:28+00:00,2025-08-01T01:18:28+00:00,1
0xcf748b57d2274b97f9bcd8da8e1ed106057b5621,0x89ac32e18929185f5bd0dc00e70337571f546e64ae5cd16dceb6026ac2679c1e,Taylor Swift and Travis Kelce engaged in 2025?,No,BUY,0.55,5.0,2.75,LOSS,2025-08-01T01:49:54+00:00,2025-08-01T01:49:54+00:00,1
0x0a6c4e3c640e63f92f5c3b2ccea86742f93929b9,0x89ac32e18929185f5bd0dc00e70337571f546e64ae5cd16dceb6026ac2679c1e,Taylor Swift and Travis Kelce engaged in 2025?,Yes,BUY,0.45,2.2222,1.0,WIN,2025-08-01T02:33:52+00:00,2025-08-01T02:33:52+00:00,1
0x8c03e45093acb5912c5710b6bf5b64e2e44212b2,0x89ac32e18929185f5bd0dc00e70337571f546e64ae5cd16dceb6026ac2679c1e,Taylor Swift and Travis Kelce engaged in 2025?,Yes,BUY,0.45,35.0,15.75,WIN,2025-08-01T03:09:26+00:00,2025-08-01T03:09:26+00:00,1
0x7e4768397f4fc7760334b9d7b6fa144b7c1aecf7,0x89ac32e18929185f5bd0dc00e70337571f546e64ae5cd16dceb6026ac2679c1e,Taylor Swift and Travis Kelce engaged in 2025?,Yes,BUY,0.4486,268.23,120.3389,WIN,2025-08-01T04:56:28+00:00,2025-08-04T17:23:55+00:00,2
0xf38694cbfb75426813131cfc8e7ec9adabdc1158,0x89ac32e18929185f5bd0dc00e70337571f546e64ae5cd16dceb6026ac2679c1e,Taylor Swift and Travis Kelce engaged in 2025?,Yes,BUY,0.45,5.0,2.25,WIN,2025-08-01T12:15:26+00:00,2025-08-01T12:15:26+00:00,1
0x832bce13fa76d504c2b747587c274c996b423ae1,0x89ac32e18929185f5bd0dc00e70337571f546e64ae5cd16dceb6026ac2679c1e,Taylor Swift and Travis Kelce engaged in 2025?,No,BUY,0.56,5.0,2.8,LOSS,2025-08-01T18:21:52+00:00,2025-08-01T18:21:52+00:00,1
0xca1e480969a9862e38881bfaa19de019f78675ed,0x89ac32e18929185f5bd0dc00e70337571f546e64ae5cd16dceb6026ac2679c1e,Taylor Swift and Travis Kelce engaged in 2025?,No,BUY,0.56,5.0,2.8,LOSS,2025-08-01T19:37:48+00:00,2025-08-01T19:37:48+00:00,1
0xcb5f3c42fdfa2ddeb4b64cc4e69efde181159a7d,0x89ac32e18929185f5bd0dc00e70337571f546e64ae5cd16dceb6026ac2679c1e,Taylor Swift and Travis Kelce engaged in 2025?,Yes,BUY,0.455,10.0,4.55,WIN,2025-08-01T19:38:44+00:00,2025-08-01T19:38:44+00:00,2
0x2f0d1ca954fff451be2d977f547764bfd725cb1a,0x89ac32e18929185f5bd0dc00e70337571f546e64ae5cd16dceb6026ac2679c1e,Taylor Swift and Travis Kelce engaged in 2025?,No,BUY,0.56,173.4464,97.13,LOSS,2025-08-01T23:00:42+00:00,2025-08-01T23:00:42+00:00,1
0x3069c1002bd0bb6aec054c7a27722919df95f8ef,0x89ac32e18929185f5bd0dc00e70337571f546e64ae5cd16dceb6026ac2679c1e,Taylor Swift and Travis Kelce engaged in 2025?,No,BUY,0.56,357.1429,200.0,LOSS,2025-08-01T23:34:50+00:00,2025-08-01T23:34:50+00:00,3
0xa638fe02cb9c31cd51e608dd538e7b5a5d4711e9,0x89ac32e18929185f5bd0dc00e70337571f546e64ae5cd16dceb6026ac2679c1e,Taylor Swift and Travis Kelce engaged in 2025?,No,BUY,0.56,25.99,14.5544,LOSS,2025-08-02T00:32:36+00:00,2025-08-02T00:32:36+00:00,1
0xd160a75ffd045775673ad591c1d11f0cbcc08a16,0x89ac32e18929185f5bd0dc00e70337571f546e64ae5cd16dceb6026ac2679c1e,Taylor Swift and Travis Kelce engaged in 2025?,No,BUY,0.58,25.8621,15.0,LOSS,2025-08-03T13:28:29+00:00,2025-08-03T13:28:29+00:00,1
0x057512b4df4f97f2f572152f3c3e5515b9235199,0x89ac32e18929185f5bd0dc00e70337571f546e64ae5cd16dceb6026ac2679c1e,Taylor Swift and Travis Kelce engaged in 2025?,No,BUY,0.58,5.0,2.9,LOSS,2025-08-03T21:14:07+00:00,2025-08-03T21:14:07+00:00,1
0xd3cfd44e9920b111f14e0f8c4f54ed3e5a68493b,0x89ac32e18929185f5bd0dc00e70337571f546e64ae5cd16dceb6026ac2679c1e,Taylor Swift and Travis Kelce engaged in 2025?,No,BUY,0.58,10.0,5.8,LOSS,2025-08-03T21:15:15+00:00,2025-08-03T21:15:15+00:00,1
0x8398982345590299f5d57eb96e90a58d8627047f,0x89ac32e18929185f5bd0dc00e70337571f546e64ae5cd16dceb6026ac2679c1e,Taylor Swift and Travis Kelce engaged in 2025?,No,BUY,0.58,36.08,20.9264,LOSS,2025-08-04T16:37:45+00:00,2025-08-04T16:37:45+00:00,1
0xc5612ad7088e18c8ac9746df9f31dec91236fa80,0x89ac32e18929185f5bd0dc00e70337571f546e64ae5cd16dceb6026ac2679c1e,Taylor Swift and Travis Kelce engaged in 2025?,No,BUY,0.58,118.98,69.0084,LOSS,2025-08-04T19:28:31+00:00,2025-08-04T19:28:31+00:00,1
0xdfc16898a5e2bc722486e23083a98e29b861818d,0x89ac32e18929185f5bd0dc00e70337571f546e64ae5cd16dceb6026ac2679c1e,Taylor Swift and Travis Kelce engaged in 2025?,No,BUY,0.59,22.95,13.5405,LOSS,2025-08-05T23:20:49+00:00,2025-08-05T23:20:49+00:00,1
0x11db09d0b7b43ab7db4e505b65eb2ee4a8999831,0x89ac32e18929185f5bd0dc00e70337571f546e64ae5cd16dceb6026ac2679c1e,Taylor Swift and Travis Kelce engaged in 2025?,Yes,BUY,0.39,5.0,1.95,WIN,2025-08-06T19:35:51+00:00,2025-08-06T19:35:51+00:00,1
0x90f7180856b033ea45200d892a7bc49fd1662501,0x89ac32e18929185f5bd0dc00e70337571f546e64ae5cd16dceb6026ac2679c1e,Taylor Swift and Travis Kelce engaged in 2025?,Yes,BUY,0.42,111.1,46.662,WIN,2025-08-07T20:01:33+00:00,2025-08-07T20:01:33+00:00,1
0xd4c1c0ffd48da072f515bba5e089acf4cc2c768d,0x89ac32e18929185f5bd0dc00e70337571f546e64ae5cd16dceb6026ac2679c1e,Taylor Swift and Travis Kelce engaged in 2025?,No,BUY,0.6019,21.0,12.64,LOSS,2025-08-07T22:46:07+00:00,2025-08-07T22:46:07+00:00,2
0x8aa57ac47693dd9576d90ecc3a960ef00bc63c24,0x89ac32e18929185f5bd0dc00e70337571f546e64ae5cd16dceb6026ac2679c1e,Taylor Swift and Travis Kelce engaged in 2025?,Yes,BUY,0.4171,17.24,7.1908,WIN,2025-08-07T23:24:19+00:00,2025-08-07T23:24:19+00:00,3
0xdfaacceff09ac2c037393eee387e81ea024679a7,0x89ac32e18929185f5bd0dc00e70337571f546e64ae5cd16dceb6026ac2679c1e,Taylor Swift and Travis Kelce engaged in 2025?,No,BUY,0.5815,22.66,13.176,LOSS,2025-08-08T03:00:45+00:00,2025-08-08T08:02:41+00:00,3
0x3f4f9145904c7b3261c3bbe05fcea64d9d91b4b3,0x89ac32e18929185f5bd0dc00e70337571f546e64ae5cd16dceb6026ac2679c1e,Taylor Swift and Travis Kelce engaged in 2025?,No,BUY,0.58,17.11,9.9238,LOSS,2025-08-08T03:01:53+00:00,2025-08-08T03:01:53+00:00,1
0xb8cbfec9d02f6fd06ca64c3456b96d142981f691,0x89ac32e18929185f5bd0dc00e70337571f546e64ae5cd16dceb6026ac2679c1e,Taylor Swift and Travis Kelce engaged in 2025?,No,BUY,0.6,3.3333,2.0,LOSS,2025-08-08T05:48:41+00:00,2025-08-08T05:48:41+00:00,1
0xb7602567778a1300d22a4134f1899118acb51df2,0x89ac32e18929185f5bd0dc00e70337571f546e64ae5cd16dceb6026ac2679c1e,Taylor Swift and Travis Kelce engaged in 2025?,No,BUY,0.6,13.3333,8.0,LOSS,2025-08-08T23:27:21+00:00,2025-08-08T23:27:21+00:00,1
0xd4e3391d2cc1cd65b40cb97f512ef3a5a9cf3464,0x89ac32e18929185f5bd0dc00e70337571f546e64ae5cd16dceb6026ac2679c1e,Taylor Swift and Travis Kelce engaged in 2025?,No,BUY,0.6535,1201.0205,784.8244,LOSS,2025-08-09T12:43:21+00:00,2025-08-14T22:54:24+00:00,10
0xd09370aad9414257683a615693e505e2e549962b,0x89ac32e18929185f5bd0dc00e70337571f546e64ae5cd16dceb6026ac2679c1e,Taylor Swift and Travis Kelce engaged in 2025?,No,BUY,0.6879,45.39,31.2222,LOSS,2025-08-10T00:22:55+00:00,2025-08-10T00:22:55+00:00,2
0x41787d4b5ee99c5b09578d09dd0d01fa2b30bb11,0x89ac32e18929185f5bd0dc00e70337571f546e64ae5cd16dceb6026ac2679c1e,Taylor Swift and Travis Kelce engaged in 2025?,Yes,BUY,0.3356,66.87,22.4389,WIN,2025-08-10T11:04:29+00:00,2025-08-10T18:17:26+00:00,3
0x04dcbd9b805b220a9b2d27e4d9e649ed07902387,0x89ac32e18929185f5bd0dc00e70337571f546e64ae5cd16dceb6026ac2679c1e,Taylor Swift and Travis Kelce engaged in 2025?,No,BUY,0.66,435.99,287.7534,LOSS,2025-08-10T14:39:13+00:00,2025-08-10T14:39:13+00:00,1
0xf472fe403eb6005a5a4b6467bbd271e3d295a262,0x89ac32e18929185f5bd0dc00e70337571f546e64ae5cd16dceb6026ac2679c1e,Taylor Swift and Travis Kelce engaged in 2025?,Yes,BUY,0.2924,446.47,130.5292,WIN,2025-08-10T17:06:48+00:00,2025-08-21T02:50:41+00:00,3
0xeface9902242b0399856f981600b907dcc9bc9a1,0x89ac32e18929185f5bd0dc00e70337571f546e64ae5cd16dceb6026ac2679c1e,Taylor Swift and Travis Kelce engaged in 2025?,No,BUY,0.7031,226.56,159.2887,LOSS,2025-08-10T17:16:54+00:00,2025-08-23T17:52:11+00:00,7
0xf2701757fba94e78209fea7267465d4c045e6015,0x89ac32e18929185f5bd0dc00e70337571f546e64ae5cd16dceb6026ac2679c1e,Taylor Swift and Travis Kelce engaged in 2025?,Yes,BUY,0.27,27.29,7.3683,WIN,2025-08-12T16:53:29+00:00,2025-08-12T16:53:29+00:00,1
0x662244931c392df70bd064fa91f838eea0bfd7a9,0x89ac32e18929185f5bd0dc00e70337571f546e64ae5cd16dceb6026ac2679c1e,Taylor Swift and Travis Kelce engaged in 2025?,Yes,BUY,0.2909,357.94,104.1202,WIN,2025-08-12T19:53:13+00:00,2025-08-12T19:53:25+00:00,2
0x9afd4a4cd2aa44732181158488ec568ecc443028,0x89ac32e18929185f5bd0dc00e70337571f546e64ae5cd16dceb6026ac2679c1e,Taylor Swift and Travis Kelce engaged in 2025?,Yes,BUY,0.29,63.99,18.5571,WIN,2025-08-12T23:17:07+00:00,2025-08-12T23:17:07+00:00,1
0xd347d7126544117049413eec897683fab68e5205,0x89ac32e18929185f5bd0dc00e70337571f546e64ae5cd16dceb6026ac2679c1e,Taylor Swift and Travis Kelce engaged in 2025?,No,BUY,0.72,35.0,25.2,LOSS,2025-08-13T03:18:55+00:00,2025-08-13T03:18:55+00:00,3
0xe80f16f0fc5d452c52bd3947441a9b03f48cb6b9,0x89ac32e18929185f5bd0dc00e70337571f546e64ae5cd16dceb6026ac2679c1e,Taylor Swift and Travis Kelce engaged in 2025?,No,BUY,0.73,23.57,17.2061,LOSS,2025-08-13T15:23:31+00:00,2025-08-13T15:23:31+00:00,1
0x5f82e5b6dfe48f953d8d1644ffa098edf7c2a927,0x89ac32e18929185f5bd0dc00e70337571f546e64ae5cd16dceb6026ac2679c1e,Taylor Swift and Travis Kelce engaged in 2025?,No,BUY,0.74,16.0,11.84,LOSS,2025-08-13T21:29:38+00:00,2025-08-13T21:29:38+00:00,1
0xd90cc01d0ea0431ea926d30780677029ba2f60a9,0x89ac32e18929185f5bd0dc00e70337571f546e64ae5cd16dceb6026ac2679c1e,Taylor Swift and Travis Kelce engaged in 2025?,Yes,BUY,0.31,5.6129,1.74,WIN,2025-08-13T23:14:54+00:00,2025-08-13T23:14:54+00:00,1
0x3002e73a0f11c771383be550915adfb947567d71,0x89ac32e18929185f5bd0dc00e70337571f546e64ae5cd16dceb6026ac2679c1e,Taylor Swift and Travis Kelce engaged in 2025?,Yes,BUY,0.31,14.32,4.4392,WIN,2025-08-14T04:48:10+00:00,2025-08-14T04:48:10+00:00,2
0x794d803f7dd6c539868218237df460b61140e530,0x89ac32e18929185f5bd0dc00e70337571f546e64ae5cd16dceb6026ac2679c1e,Taylor Swift and Travis Kelce engaged in 2025?,Yes,BUY,0.33,6.59,2.1747,WIN,2025-08-14T05:28:08+00:00,2025-08-14T05:28:08+00:00,1
0x67775b1afe218d414ab5eb8a164bf8f0a5d07c90,0x89ac32e18929185f5bd0dc00e70337571f546e64ae5cd16dceb6026ac2679c1e,Taylor Swift and Travis Kelce engaged in 2025?,Yes,BUY,0.32,20.0,6.4,WIN,2025-08-14T19:41:32+00:00,2025-08-14T19:41:32+00:00,2
0xfb666a1656a3c9e0bb2cad14252284c7bb5b5e13,0x89ac32e18929185f5bd0dc00e70337571f546e64ae5cd16dceb6026ac2679c1e,Taylor Swift and Travis Kelce engaged in 2025?,Yes,BUY,0.3,35.71,10.713,WIN,2025-08-15T18:00:48+00:00,2025-08-15T18:00:48+00:00,2
0xa3ade787b526c6661cd3f882c74c685789b82582,0x89ac32e18929185f5bd0dc00e70337571f546e64ae5cd16dceb6026ac2679c1e,Taylor Swift and Travis Kelce engaged in 2025?,Yes,BUY,0.3,17.11,5.133,WIN,2025-08-15T21:23:42+00:00,2025-08-15T21:23:42+00:00,1
0x47cd18623650119b2012839dc6f8bf8eaf877ed7,0x89ac32e18929185f5bd0dc00e70337571f546e64ae5cd16dceb6026ac2679c1e,Taylor Swift and Travis Kelce engaged in 2025?,No,BUY,0.74,12.5,9.25,LOSS,2025-08-17T10:19:06+00:00,2025-08-17T10:19:06+00:00,1
0x7f3c6ba75154949fd727c8097c4c614d86166e8f,0x89ac32e18929185f5bd0dc00e70337571f546e64ae5cd16dceb6026ac2679c1e,Taylor Swift and Travis Kelce engaged in 2025?,Yes,BUY,0.29,113.7931,33.0,WIN,2025-08-17T11:02:06+00:00,2025-08-17T11:02:06+00:00,1
0x7f3c6ba75154949fd727c8097c4c614d86166e8f,0x89ac32e18929185f5bd0dc00e70337571f546e64ae5cd16dceb6026ac2679c1e,Taylor Swift and Travis Kelce engaged in 2025?,No,BUY,0.74,38.26,28.3124,LOSS,2025-08-17T23:44:12+00:00,2025-08-17T23:44:12+00:00,2
0x78cdf08a701e840dc35359823aabf157c64f450c,0x89ac32e18929185f5bd0dc00e70337571f546e64ae5cd16dceb6026ac2679c1e,Taylor Swift and Travis Kelce engaged in 2025?,Yes,BUY,0.28,335.6143,93.972,WIN,2025-08-18T06:07:20+00:00,2025-08-18T06:07:20+00:00,2
0x995c28aab42c1e202e7444d71212bee64e3c8770,0x89ac32e18929185f5bd0dc00e70337571f546e64ae5cd16dceb6026ac2679c1e,Taylor Swift and Travis Kelce engaged in 2025?,Yes,BUY,0.27,32.78,8.8506,WIN,2025-08-18T22:29:39+00:00,2025-08-18T22:29:39+00:00,1
0xc8f1103b15864a93cdea2855bc6ab7cd85781467,0x89ac32e18929185f5bd0dc00e70337571f546e64ae5cd16dceb6026ac2679c1e,Taylor Swift and Travis Kelce engaged in 2025?,No,BUY,0.76,1.3158,1.0,LOSS,2025-08-19T00:28:11+00:00,2025-08-19T00:28:11+00:00,1
0xc8c25ef1190b4e320b75d15580ab5f8349cfdaff,0x89ac32e18929185f5bd0dc00e70337571f546e64ae5cd16dceb6026ac2679c1e,Taylor Swift and Travis Kelce engaged in 2025?,No,BUY,0.76,4.44,3.3744,LOSS,2025-08-19T06:03:54+00:00,2025-08-19T06:03:54+00:00,1
0x0bcebbfe657d494a04787c3432b9e0058cf96c1d,0x89ac32e18929185f5bd0dc00e70337571f546e64ae5cd16dceb6026ac2679c1e,Taylor Swift and Travis Kelce engaged in 2025?,No,BUY,0.77,38.961,30.0,LOSS,2025-08-19T19:19:17+00:00,2025-08-19T19:19:17+00:00,1
0x3978a99e028eb590c98d8e9ddbe513298fa92f24,0x89ac32e18929185f5bd0dc00e70337571f546e64ae5cd16dceb6026ac2679c1e,Taylor Swift and Travis Kelce engaged in 2025?,Yes,BUY,0.25,4.15,1.0375,WIN,2025-08-20T18:40:51+00:00,2025-08-20T18:40:51+00:00,1
0x54c581a308343c28cf741093c5911070e1d1a121,0x89ac32e18929185f5bd0dc00e70337571f546e64ae5cd16dceb6026ac2679c1e,Taylor Swift and Travis Kelce engaged in 2025?,Yes,BUY,0.25,1.56,0.39,WIN,2025-08-20T18:45:51+00:00,2025-08-20T18:45:51+00:00,1
0x2f554525a1d96037a09d6cb6650f4c3f4207676e,0x89ac32e18929185f5bd0dc00e70337571f546e64ae5cd16dceb6026ac2679c1e,Taylor Swift and Travis Kelce engaged in 2025?,Yes,BUY,0.25,80.0,20.0,WIN,2025-08-20T21:09:05+00:00,2025-08-20T21:09:05+00:00,3
0xbe33ea19ae10a4708e76b02a21616de7436c236b,0x89ac32e18929185f5bd0dc00e70337571f546e64ae5cd16dceb6026ac2679c1e,Taylor Swift and Travis Kelce engaged in 2025?,Yes,BUY,0.25,2.81,0.7025,WIN,2025-08-22T06:53:30+00:00,2025-08-22T06:53:30+00:00,1
0x966a23029fd95956801a3dccceef7a902f1a4d34,0x89ac32e18929185f5bd0dc00e70337571f546e64ae5cd16dceb6026ac2679c1e,Taylor Swift and Travis Kelce engaged in 2025?,No,BUY,0.77,11.44,8.8088,LOSS,2025-08-22T09:04:08+00:00,2025-08-22T09:04:08+00:00,1
0xb7602567778a1300d22a4134f1899118acb51df2,0x89ac32e18929185f5bd0dc00e70337571f546e64ae5cd16dceb6026ac2679c1e,Taylor Swift and Travis Kelce engaged in 2025?,Yes,BUY,0.25,13.33,3.3325,WIN,2025-08-22T17:16:56+00:00,2025-08-22T17:16:56+00:00,1
0x65fd0a8b5d05b0e13ff2b66ebe77310988c37cde,0x89ac32e18929185f5bd0dc00e70337571f546e64ae5cd16dceb6026ac2679c1e,Taylor Swift and Travis Kelce engaged in 2025?,Yes,BUY,0.25,4.0,1.0,WIN,2025-08-22T20:34:24+00:00,2025-08-22T20:34:24+00:00,1
0x0fb3f008e7f8c6fd443b9015a34c38c580fae55a,0x89ac32e18929185f5bd0dc00e70337571f546e64ae5cd16dceb6026ac2679c1e,Taylor Swift and Travis Kelce engaged in 2025?,Yes,BUY,0.25,35.86,8.965,WIN,2025-08-23T18:58:41+00:00,2025-08-23T18:58:41+00:00,1
0xe4daf66dd4f08f3b5cce9099f9efffad2b661772,0x89ac32e18929185f5bd0dc00e70337571f546e64ae5cd16dceb6026ac2679c1e,Taylor Swift and Travis Kelce engaged in 2025?,No,BUY,0.59,23.67,13.9653,LOSS,2025-08-25T19:27:15+00:00,2025-08-25T19:27:15+00:00,2
0x9afd4a4cd2aa44732181158488ec568ecc443028,0x89ac32e18929185f5bd0dc00e70337571f546e64ae5cd16dceb6026ac2679c1e,Taylor Swift and Travis Kelce engaged in 2025?,No,BUY,0.59,1.49,0.8791,LOSS,2025-08-25T19:32:31+00:00,2025-08-25T19:32:31+00:00,1
0x9d84ce0306f8551e02efef1680475fc0f1dc1344,0x89ac32e18929185f5bd0dc00e70337571f546e64ae5cd16dceb6026ac2679c1e,Taylor Swift and Travis Kelce engaged in 2025?,No,BUY,0.61,142.15,86.7115,LOSS,2025-08-26T06:08:01+00:00,2025-08-26T06:08:01+00:00,2
0x5fe50c22621779e031322c5becb110d1fa0d8b99,0x89ac32e18929185f5bd0dc00e70337571f546e64ae5cd16dceb6026ac2679c1e,Taylor Swift and Travis Kelce engaged in 2025?,Yes,BUY,0.43,4.65,1.9995,WIN,2025-08-26T14:32:55+00:00,2025-08-26T14:32:55+00:00,1
0x2404061de37fac7387d6a84227277103ad08f415,0x89ac32e18929185f5bd0dc00e70337571f546e64ae5cd16dceb6026ac2679c1e,Taylor Swift and Travis Kelce engaged in 2025?,Yes,BUY,0.43,25.5814,11.0,WIN,2025-08-26T15:52:05+00:00,2025-08-26T15:52:05+00:00,1
0x9d84ce0306f8551e02efef1680475fc0f1dc1344,0x89ac32e18929185f5bd0dc00e70337571f546e64ae5cd16dceb6026ac2679c1e,Taylor Swift and Travis Kelce engaged in 2025?,Yes,BUY,0.9293,1688.44,1569.0496,WIN,2025-08-26T17:04:01+00:00,2025-08-26T17:04:01+00:00,2
0xfb81f27f1c8758d477332f8e751322c424da1cf3,0x89ac32e18929185f5bd0dc00e70337571f546e64ae5cd16dceb6026ac2679c1e,Taylor Swift and Travis Kelce engaged in 2025?,No,BUY,0.16,36.0,5.76,LOSS,2025-08-26T17:06:33+00:00,2025-08-26T17:06:33+00:00,2
0x7c3db723f1d4d8cb9c550095203b686cb11e5c6b,0x89ac32e18929185f5bd0dc00e70337571f546e64ae5cd16dceb6026ac2679c1e,Taylor Swift and Travis Kelce engaged in 2025?,Yes,BUY,0.9854,55.99,55.1702,WIN,2025-08-26T17:07:51+00:00,2025-08-26T17:07:51+00:00,2
0x85c9419a5d7767dde3321a1ffaa4bec3a4108bea,0x89ac32e18929185f5bd0dc00e70337571f546e64ae5cd16dceb6026ac2679c1e,Taylor Swift and Travis Kelce engaged in 2025?,Yes,BUY,0.99,14.97,14.8203,WIN,2025-08-26T17:08:49+00:00,2025-08-26T17:08:49+00:00,1
0x8f7a4b414417911e7e9bd738399874792cdbdb40,0x89ac32e18929185f5bd0dc00e70337571f546e64ae5cd16dceb6026ac2679c1e,Taylor Swift and Travis Kelce engaged in 2025?,Yes,BUY,0.999,4000.0,3996.0,WIN,2025-08-26T17:37:47+00:00,2025-08-26T17:37:47+00:00,1
0x751a2b86cab503496efd325c8344e10159349ea1,0x89ac32e18929185f5bd0dc00e70337571f546e64ae5cd16dceb6026ac2679c1e,Taylor Swift and Travis Kelce engaged in 2025?,Yes,BUY,0.999,6210.77,6204.5592,WIN,2025-08-26T17:38:17+00:00,2025-08-26T17:38:17+00:00,1
0x6512849f2d03637806dfc4e80182ca9ccc77ac4c,0x89ac32e18929185f5bd0dc00e70337571f546e64ae5cd16dceb6026ac2679c1e,Taylor Swift and Travis Kelce engaged in 2025?,No,BUY,0.001,210.01,0.21,LOSS,2025-08-26T19:01:15+00:00,2025-08-26T19:01:15+00:00,2
